"","county","Tract","FIPS","County","Bay Area"
"1","001",177417,"06001400100",79831,86990.1
"2","001",153125,"06001400200",79831,86990.1
"3","001",85313,"06001400300",79831,86990.1
"4","001",99539,"06001400400",79831,86990.1
"5","001",83650,"06001400500",79831,86990.1
"6","001",61597,"06001400600",79831,86990.1
"7","001",46424,"06001400700",79831,86990.1
"8","001",61111,"06001400800",79831,86990.1
"9","001",55691,"06001400900",79831,86990.1
"10","001",51073,"06001401000",79831,86990.1
"11","001",71205,"06001401100",79831,86990.1
"12","001",83208,"06001401200",79831,86990.1
"13","001",37123,"06001401300",79831,86990.1
"14","001",25985,"06001401400",79831,86990.1
"15","001",48903,"06001401500",79831,86990.1
"16","001",36544,"06001401600",79831,86990.1
"17","001",66308,"06001401700",79831,86990.1
"18","001",28185,"06001401800",79831,86990.1
"19","001",45400,"06001402200",79831,86990.1
"20","001",33724,"06001402400",79831,86990.1
"21","001",23693,"06001402500",79831,86990.1
"22","001",22955,"06001402600",79831,86990.1
"23","001",44792,"06001402700",79831,86990.1
"24","001",17363,"06001402800",79831,86990.1
"25","001",28854,"06001402900",79831,86990.1
"26","001",19490,"06001403000",79831,86990.1
"27","001",51184,"06001403100",79831,86990.1
"28","001",52246,"06001403300",79831,86990.1
"29","001",51172,"06001403400",79831,86990.1
"30","001",37032,"06001403501",79831,86990.1
"31","001",67672,"06001403502",79831,86990.1
"32","001",70600,"06001403600",79831,86990.1
"33","001",66086,"06001403701",79831,86990.1
"34","001",78266,"06001403702",79831,86990.1
"35","001",85313,"06001403800",79831,86990.1
"36","001",73125,"06001403900",79831,86990.1
"37","001",77065,"06001404000",79831,86990.1
"38","001",86635,"06001404101",79831,86990.1
"39","001",77303,"06001404102",79831,86990.1
"40","001",169519,"06001404200",79831,86990.1
"41","001",193523,"06001404300",79831,86990.1
"42","001",150074,"06001404400",79831,86990.1
"43","001",181484,"06001404501",79831,86990.1
"44","001",133068,"06001404502",79831,86990.1
"45","001",163322,"06001404600",79831,86990.1
"46","001",159107,"06001404700",79831,86990.1
"47","001",61875,"06001404800",79831,86990.1
"48","001",84375,"06001404900",79831,86990.1
"49","001",122237,"06001405000",79831,86990.1
"50","001",182153,"06001405100",79831,86990.1
"51","001",75417,"06001405200",79831,86990.1
"52","001",60928,"06001405301",79831,86990.1
"53","001",35638,"06001405302",79831,86990.1
"54","001",39712,"06001405401",79831,86990.1
"55","001",33555,"06001405402",79831,86990.1
"56","001",50225,"06001405500",79831,86990.1
"57","001",53063,"06001405600",79831,86990.1
"58","001",48851,"06001405700",79831,86990.1
"59","001",44375,"06001405800",79831,86990.1
"60","001",31607,"06001405901",79831,86990.1
"61","001",32833,"06001405902",79831,86990.1
"62","001",30909,"06001406000",79831,86990.1
"63","001",44485,"06001406100",79831,86990.1
"64","001",37336,"06001406201",79831,86990.1
"65","001",33583,"06001406202",79831,86990.1
"66","001",43307,"06001406300",79831,86990.1
"67","001",59500,"06001406400",79831,86990.1
"68","001",41346,"06001406500",79831,86990.1
"69","001",48467,"06001406601",79831,86990.1
"70","001",53162,"06001406602",79831,86990.1
"71","001",73167,"06001406700",79831,86990.1
"72","001",94167,"06001406800",79831,86990.1
"73","001",65556,"06001406900",79831,86990.1
"74","001",43125,"06001407000",79831,86990.1
"75","001",51691,"06001407101",79831,86990.1
"76","001",47660,"06001407102",79831,86990.1
"77","001",37319,"06001407200",79831,86990.1
"78","001",53214,"06001407300",79831,86990.1
"79","001",47656,"06001407400",79831,86990.1
"80","001",24869,"06001407500",79831,86990.1
"81","001",53300,"06001407600",79831,86990.1
"82","001",70938,"06001407700",79831,86990.1
"83","001",80368,"06001407800",79831,86990.1
"84","001",100927,"06001407900",79831,86990.1
"85","001",158917,"06001408000",79831,86990.1
"86","001",103670,"06001408100",79831,86990.1
"87","001",51135,"06001408200",79831,86990.1
"88","001",81695,"06001408300",79831,86990.1
"89","001",30213,"06001408400",79831,86990.1
"90","001",47841,"06001408500",79831,86990.1
"91","001",30696,"06001408600",79831,86990.1
"92","001",43649,"06001408700",79831,86990.1
"93","001",23598,"06001408800",79831,86990.1
"94","001",26379,"06001408900",79831,86990.1
"95","001",44125,"06001409000",79831,86990.1
"96","001",40000,"06001409100",79831,86990.1
"97","001",46250,"06001409200",79831,86990.1
"98","001",34830,"06001409300",79831,86990.1
"99","001",39189,"06001409400",79831,86990.1
"100","001",31682,"06001409500",79831,86990.1
"101","001",37349,"06001409600",79831,86990.1
"102","001",38357,"06001409700",79831,86990.1
"103","001",63598,"06001409800",79831,86990.1
"104","001",97689,"06001409900",79831,86990.1
"105","001",107083,"06001410000",79831,86990.1
"106","001",59239,"06001410100",79831,86990.1
"107","001",49200,"06001410200",79831,86990.1
"108","001",39524,"06001410300",79831,86990.1
"109","001",66555,"06001410400",79831,86990.1
"110","001",22596,"06001410500",79831,86990.1
"111","001",120208,"06001420100",79831,86990.1
"112","001",89194,"06001420200",79831,86990.1
"113","001",86417,"06001420300",79831,86990.1
"114","001",42054,"06001420400",79831,86990.1
"115","001",89333,"06001420500",79831,86990.1
"116","001",116172,"06001420600",79831,86990.1
"117","001",162308,"06001421100",79831,86990.1
"118","001",144115,"06001421200",79831,86990.1
"119","001",138971,"06001421300",79831,86990.1
"120","001",141375,"06001421400",79831,86990.1
"121","001",160265,"06001421500",79831,86990.1
"122","001",118750,"06001421600",79831,86990.1
"123","001",69986,"06001421700",79831,86990.1
"124","001",110000,"06001421800",79831,86990.1
"125","001",100372,"06001421900",79831,86990.1
"126","001",60500,"06001422000",79831,86990.1
"127","001",72500,"06001422100",79831,86990.1
"128","001",66769,"06001422200",79831,86990.1
"129","001",58606,"06001422300",79831,86990.1
"130","001",57083,"06001422400",79831,86990.1
"131","001",54375,"06001422500",79831,86990.1
"132","001",250001,"06001422600",79831,86990.1
"133","001",31050,"06001422700",79831,86990.1
"134","001",13188,"06001422800",79831,86990.1
"135","001",24056,"06001422900",79831,86990.1
"136","001",67304,"06001423000",79831,86990.1
"137","001",60037,"06001423100",79831,86990.1
"138","001",49375,"06001423200",79831,86990.1
"139","001",77039,"06001423300",79831,86990.1
"140","001",76458,"06001423400",79831,86990.1
"141","001",39780,"06001423500",79831,86990.1
"142","001",83824,"06001423601",79831,86990.1
"143","001",27890,"06001423602",79831,86990.1
"144","001",83347,"06001423700",79831,86990.1
"145","001",137171,"06001423800",79831,86990.1
"146","001",70417,"06001423901",79831,86990.1
"147","001",82000,"06001423902",79831,86990.1
"148","001",58411,"06001424001",79831,86990.1
"149","001",58643,"06001424002",79831,86990.1
"150","001",64019,"06001425101",79831,86990.1
"151","001",92296,"06001425102",79831,86990.1
"152","001",90556,"06001425103",79831,86990.1
"153","001",56750,"06001425104",79831,86990.1
"154","001",212386,"06001426100",79831,86990.1
"155","001",168713,"06001426200",79831,86990.1
"156","001",116581,"06001427100",79831,86990.1
"157","001",67404,"06001427200",79831,86990.1
"158","001",78654,"06001427300",79831,86990.1
"159","001",50099,"06001427600",79831,86990.1
"160","001",80000,"06001427700",79831,86990.1
"161","001",98348,"06001427800",79831,86990.1
"162","001",81117,"06001427900",79831,86990.1
"163","001",68356,"06001428000",79831,86990.1
"164","001",84725,"06001428100",79831,86990.1
"165","001",84205,"06001428200",79831,86990.1
"166","001",111205,"06001428301",79831,86990.1
"167","001",130059,"06001428302",79831,86990.1
"168","001",73125,"06001428400",79831,86990.1
"169","001",67045,"06001428500",79831,86990.1
"170","001",79892,"06001428600",79831,86990.1
"171","001",52688,"06001428700",79831,86990.1
"172","001",124014,"06001430101",79831,86990.1
"173","001",117583,"06001430102",79831,86990.1
"174","001",114737,"06001430200",79831,86990.1
"175","001",110465,"06001430300",79831,86990.1
"176","001",118250,"06001430400",79831,86990.1
"177","001",58618,"06001430500",79831,86990.1
"178","001",95976,"06001430600",79831,86990.1
"179","001",98373,"06001430700",79831,86990.1
"180","001",68190,"06001430800",79831,86990.1
"181","001",57676,"06001430900",79831,86990.1
"182","001",63720,"06001431000",79831,86990.1
"183","001",56250,"06001431100",79831,86990.1
"184","001",64075,"06001431200",79831,86990.1
"185","001",95676,"06001432100",79831,86990.1
"186","001",62307,"06001432200",79831,86990.1
"187","001",75907,"06001432300",79831,86990.1
"188","001",59934,"06001432400",79831,86990.1
"189","001",61339,"06001432501",79831,86990.1
"190","001",61743,"06001432502",79831,86990.1
"191","001",56700,"06001432600",79831,86990.1
"192","001",97750,"06001432700",79831,86990.1
"193","001",92917,"06001432800",79831,86990.1
"194","001",66280,"06001433000",79831,86990.1
"195","001",71535,"06001433102",79831,86990.1
"196","001",46429,"06001433103",79831,86990.1
"197","001",44913,"06001433104",79831,86990.1
"198","001",51058,"06001433200",79831,86990.1
"199","001",67034,"06001433300",79831,86990.1
"200","001",78710,"06001433400",79831,86990.1
"201","001",79327,"06001433500",79831,86990.1
"202","001",60813,"06001433600",79831,86990.1
"203","001",68571,"06001433700",79831,86990.1
"204","001",51867,"06001433800",79831,86990.1
"205","001",41022,"06001433900",79831,86990.1
"206","001",41458,"06001434000",79831,86990.1
"207","001",116319,"06001435102",79831,86990.1
"208","001",156875,"06001435103",79831,86990.1
"209","001",52817,"06001435104",79831,86990.1
"210","001",97957,"06001435200",79831,86990.1
"211","001",68365,"06001435300",79831,86990.1
"212","001",51597,"06001435400",79831,86990.1
"213","001",51026,"06001435500",79831,86990.1
"214","001",53608,"06001435601",79831,86990.1
"215","001",56928,"06001435602",79831,86990.1
"216","001",77762,"06001435700",79831,86990.1
"217","001",76635,"06001435800",79831,86990.1
"218","001",91578,"06001435900",79831,86990.1
"219","001",84861,"06001436000",79831,86990.1
"220","001",77117,"06001436100",79831,86990.1
"221","001",45987,"06001436200",79831,86990.1
"222","001",58564,"06001436300",79831,86990.1
"223","001",71844,"06001436401",79831,86990.1
"224","001",122127,"06001436402",79831,86990.1
"225","001",54315,"06001436500",79831,86990.1
"226","001",63991,"06001436601",79831,86990.1
"227","001",41099,"06001436602",79831,86990.1
"228","001",79152,"06001436700",79831,86990.1
"229","001",63305,"06001436800",79831,86990.1
"230","001",58567,"06001436900",79831,86990.1
"231","001",70988,"06001437000",79831,86990.1
"232","001",105723,"06001437101",79831,86990.1
"233","001",68542,"06001437102",79831,86990.1
"234","001",83799,"06001437200",79831,86990.1
"235","001",70903,"06001437300",79831,86990.1
"236","001",75521,"06001437400",79831,86990.1
"237","001",54943,"06001437500",79831,86990.1
"238","001",67308,"06001437600",79831,86990.1
"239","001",50688,"06001437701",79831,86990.1
"240","001",50759,"06001437702",79831,86990.1
"241","001",77276,"06001437800",79831,86990.1
"242","001",69524,"06001437900",79831,86990.1
"243","001",80931,"06001438000",79831,86990.1
"244","001",98086,"06001438100",79831,86990.1
"245","001",69464,"06001438201",79831,86990.1
"246","001",63966,"06001438203",79831,86990.1
"247","001",60679,"06001438204",79831,86990.1
"248","001",68796,"06001438300",79831,86990.1
"249","001",77734,"06001438400",79831,86990.1
"250","001",67500,"06001440100",79831,86990.1
"251","001",61606,"06001440200",79831,86990.1
"252","001",86354,"06001440301",79831,86990.1
"253","001",84032,"06001440304",79831,86990.1
"254","001",111528,"06001440305",79831,86990.1
"255","001",78667,"06001440306",79831,86990.1
"256","001",53417,"06001440307",79831,86990.1
"257","001",79191,"06001440308",79831,86990.1
"258","001",72730,"06001440331",79831,86990.1
"259","001",161146,"06001440332",79831,86990.1
"260","001",122813,"06001440333",79831,86990.1
"261","001",113196,"06001440334",79831,86990.1
"262","001",119856,"06001440335",79831,86990.1
"263","001",78205,"06001440336",79831,86990.1
"264","001",86235,"06001441100",79831,86990.1
"265","001",108393,"06001441200",79831,86990.1
"266","001",121000,"06001441301",79831,86990.1
"267","001",108700,"06001441302",79831,86990.1
"268","001",110662,"06001441401",79831,86990.1
"269","001",128750,"06001441402",79831,86990.1
"270","001",135139,"06001441501",79831,86990.1
"271","001",151970,"06001441503",79831,86990.1
"272","001",123040,"06001441521",79831,86990.1
"273","001",93750,"06001441522",79831,86990.1
"274","001",125110,"06001441523",79831,86990.1
"275","001",153017,"06001441524",79831,86990.1
"276","001",110156,"06001441601",79831,86990.1
"277","001",90433,"06001441602",79831,86990.1
"278","001",95776,"06001441700",79831,86990.1
"279","001",105106,"06001441800",79831,86990.1
"280","001",120393,"06001441921",79831,86990.1
"281","001",84145,"06001441923",79831,86990.1
"282","001",120781,"06001441924",79831,86990.1
"283","001",112917,"06001441925",79831,86990.1
"284","001",81250,"06001441926",79831,86990.1
"285","001",94056,"06001441927",79831,86990.1
"286","001",163646,"06001442000",79831,86990.1
"287","001",167000,"06001442100",79831,86990.1
"288","001",158953,"06001442200",79831,86990.1
"289","001",86618,"06001442301",79831,86990.1
"290","001",79208,"06001442302",79831,86990.1
"291","001",100813,"06001442400",79831,86990.1
"292","001",74234,"06001442500",79831,86990.1
"293","001",126927,"06001442601",79831,86990.1
"294","001",96458,"06001442602",79831,86990.1
"295","001",112063,"06001442700",79831,86990.1
"296","001",97336,"06001442800",79831,86990.1
"297","001",101343,"06001442900",79831,86990.1
"298","001",100121,"06001443001",79831,86990.1
"299","001",84858,"06001443002",79831,86990.1
"300","001",160638,"06001443102",79831,86990.1
"301","001",214063,"06001443103",79831,86990.1
"302","001",125313,"06001443104",79831,86990.1
"303","001",153514,"06001443105",79831,86990.1
"304","001",214013,"06001443200",79831,86990.1
"305","001",146850,"06001443301",79831,86990.1
"306","001",114948,"06001443321",79831,86990.1
"307","001",149583,"06001443322",79831,86990.1
"308","001",98125,"06001444100",79831,86990.1
"309","001",89338,"06001444200",79831,86990.1
"310","001",96635,"06001444301",79831,86990.1
"311","001",74750,"06001444302",79831,86990.1
"312","001",82112,"06001444400",79831,86990.1
"313","001",89277,"06001444500",79831,86990.1
"314","001",103103,"06001444601",79831,86990.1
"315","001",101946,"06001444602",79831,86990.1
"316","001",128731,"06001450101",79831,86990.1
"317","001",145395,"06001450102",79831,86990.1
"318","001",106050,"06001450200",79831,86990.1
"319","001",109036,"06001450300",79831,86990.1
"320","001",90542,"06001450400",79831,86990.1
"321","001",109432,"06001450501",79831,86990.1
"322","001",151016,"06001450502",79831,86990.1
"323","001",140170,"06001450601",79831,86990.1
"324","001",136630,"06001450602",79831,86990.1
"325","001",124000,"06001450603",79831,86990.1
"326","001",136326,"06001450604",79831,86990.1
"327","001",129833,"06001450605",79831,86990.1
"328","001",165042,"06001450606",79831,86990.1
"329","001",90745,"06001450607",79831,86990.1
"330","001",183354,"06001450701",79831,86990.1
"331","001",113611,"06001450741",79831,86990.1
"332","001",123071,"06001450742",79831,86990.1
"333","001",109410,"06001450743",79831,86990.1
"334","001",133359,"06001450744",79831,86990.1
"335","001",152813,"06001450745",79831,86990.1
"336","001",105278,"06001450746",79831,86990.1
"337","001",103929,"06001450750",79831,86990.1
"338","001",184539,"06001450751",79831,86990.1
"339","001",177093,"06001450752",79831,86990.1
"340","001",149203,"06001451101",79831,86990.1
"341","001",163170,"06001451102",79831,86990.1
"342","001",92450,"06001451201",79831,86990.1
"343","001",113828,"06001451202",79831,86990.1
"344","001",100699,"06001451300",79831,86990.1
"345","001",94063,"06001451401",79831,86990.1
"346","001",106250,"06001451403",79831,86990.1
"347","001",55994,"06001451404",79831,86990.1
"348","001",103350,"06001451501",79831,86990.1
"349","001",94013,"06001451503",79831,86990.1
"350","001",110563,"06001451504",79831,86990.1
"351","001",150388,"06001451505",79831,86990.1
"352","001",92198,"06001451506",79831,86990.1
"353","001",136836,"06001451601",79831,86990.1
"354","001",85925,"06001451602",79831,86990.1
"355","001",103005,"06001451701",79831,86990.1
"356","001",130369,"06001451703",79831,86990.1
"357","001",96964,"06001451704",79831,86990.1
"358","001",105714,"06001981900",79831,86990.1
"359","001",160417,"06001982000",79831,86990.1
"360","001",131250,"06001983200",79831,86990.1
"361","013",53750,"06013301000",82881,86990.1
"362","013",51186,"06013302005",82881,86990.1
"363","013",87869,"06013302006",82881,86990.1
"364","013",71023,"06013302007",82881,86990.1
"365","013",85597,"06013302008",82881,86990.1
"366","013",96814,"06013302009",82881,86990.1
"367","013",109093,"06013302010",82881,86990.1
"368","013",105821,"06013303102",82881,86990.1
"369","013",80373,"06013303103",82881,86990.1
"370","013",96442,"06013303201",82881,86990.1
"371","013",94788,"06013303202",82881,86990.1
"372","013",109150,"06013303203",82881,86990.1
"373","013",68718,"06013303204",82881,86990.1
"374","013",84306,"06013303205",82881,86990.1
"375","013",114306,"06013304001",82881,86990.1
"376","013",57813,"06013304002",82881,86990.1
"377","013",88750,"06013304003",82881,86990.1
"378","013",106337,"06013304004",82881,86990.1
"379","013",110972,"06013304005",82881,86990.1
"380","013",47500,"06013305000",82881,86990.1
"381","013",70385,"06013306002",82881,86990.1
"382","013",49688,"06013306003",82881,86990.1
"383","013",62520,"06013306004",82881,86990.1
"384","013",68250,"06013307101",82881,86990.1
"385","013",42711,"06013307102",82881,86990.1
"386","013",45600,"06013307201",82881,86990.1
"387","013",27530,"06013307202",82881,86990.1
"388","013",55022,"06013307204",82881,86990.1
"389","013",50023,"06013307205",82881,86990.1
"390","013",63839,"06013308001",82881,86990.1
"391","013",92321,"06013308002",82881,86990.1
"392","013",68393,"06013309000",82881,86990.1
"393","013",51175,"06013310000",82881,86990.1
"394","013",50538,"06013311000",82881,86990.1
"395","013",33693,"06013312000",82881,86990.1
"396","013",43717,"06013313101",82881,86990.1
"397","013",66076,"06013313102",82881,86990.1
"398","013",87332,"06013313103",82881,86990.1
"399","013",78188,"06013313203",82881,86990.1
"400","013",66286,"06013313204",82881,86990.1
"401","013",85069,"06013313205",82881,86990.1
"402","013",54179,"06013313206",82881,86990.1
"403","013",55698,"06013314102",82881,86990.1
"404","013",43212,"06013314103",82881,86990.1
"405","013",44804,"06013314104",82881,86990.1
"406","013",47440,"06013314200",82881,86990.1
"407","013",79732,"06013315000",82881,86990.1
"408","013",36563,"06013316000",82881,86990.1
"409","013",71548,"06013317000",82881,86990.1
"410","013",75221,"06013318000",82881,86990.1
"411","013",77695,"06013319000",82881,86990.1
"412","013",75438,"06013320001",82881,86990.1
"413","013",112161,"06013320003",82881,86990.1
"414","013",96455,"06013320004",82881,86990.1
"415","013",98234,"06013321101",82881,86990.1
"416","013",114242,"06013321102",82881,86990.1
"417","013",112669,"06013321103",82881,86990.1
"418","013",64056,"06013321200",82881,86990.1
"419","013",96354,"06013322000",82881,86990.1
"420","013",101037,"06013323000",82881,86990.1
"421","013",85851,"06013324001",82881,86990.1
"422","013",88342,"06013324002",82881,86990.1
"423","013",89884,"06013325000",82881,86990.1
"424","013",114844,"06013326000",82881,86990.1
"425","013",56217,"06013327000",82881,86990.1
"426","013",28656,"06013328000",82881,86990.1
"427","013",81884,"06013329000",82881,86990.1
"428","013",72659,"06013330000",82881,86990.1
"429","013",67695,"06013331000",82881,86990.1
"430","013",87173,"06013332000",82881,86990.1
"431","013",80909,"06013333101",82881,86990.1
"432","013",90222,"06013333102",82881,86990.1
"433","013",72903,"06013333200",82881,86990.1
"434","013",80612,"06013334001",82881,86990.1
"435","013",71250,"06013334004",82881,86990.1
"436","013",120735,"06013334006",82881,86990.1
"437","013",145783,"06013334200",82881,86990.1
"438","013",74259,"06013335000",82881,86990.1
"439","013",47500,"06013336101",82881,86990.1
"440","013",37299,"06013336102",82881,86990.1
"441","013",59944,"06013336201",82881,86990.1
"442","013",41723,"06013336202",82881,86990.1
"443","013",95857,"06013337100",82881,86990.1
"444","013",67138,"06013337200",82881,86990.1
"445","013",122520,"06013337300",82881,86990.1
"446","013",54870,"06013338101",82881,86990.1
"447","013",103869,"06013338102",82881,86990.1
"448","013",101042,"06013338201",82881,86990.1
"449","013",93779,"06013338203",82881,86990.1
"450","013",92759,"06013338204",82881,86990.1
"451","013",134861,"06013338301",82881,86990.1
"452","013",159917,"06013338302",82881,86990.1
"453","013",72620,"06013339001",82881,86990.1
"454","013",65879,"06013339002",82881,86990.1
"455","013",68872,"06013340001",82881,86990.1
"456","013",117332,"06013340002",82881,86990.1
"457","013",116346,"06013341000",82881,86990.1
"458","013",98167,"06013343001",82881,86990.1
"459","013",93528,"06013343002",82881,86990.1
"460","013",128111,"06013343003",82881,86990.1
"461","013",115897,"06013345101",82881,86990.1
"462","013",125801,"06013345102",82881,86990.1
"463","013",130319,"06013345103",82881,86990.1
"464","013",115625,"06013345105",82881,86990.1
"465","013",120436,"06013345108",82881,86990.1
"466","013",121375,"06013345111",82881,86990.1
"467","013",101528,"06013345112",82881,86990.1
"468","013",157986,"06013345113",82881,86990.1
"469","013",150641,"06013345114",82881,86990.1
"470","013",165893,"06013345115",82881,86990.1
"471","013",150776,"06013345116",82881,86990.1
"472","013",114852,"06013345202",82881,86990.1
"473","013",138929,"06013345203",82881,86990.1
"474","013",183333,"06013345204",82881,86990.1
"475","013",148146,"06013346101",82881,86990.1
"476","013",187188,"06013346102",82881,86990.1
"477","013",161891,"06013346201",82881,86990.1
"478","013",128603,"06013346203",82881,86990.1
"479","013",181523,"06013346204",82881,86990.1
"480","013",155750,"06013347000",82881,86990.1
"481","013",182143,"06013348000",82881,86990.1
"482","013",113819,"06013349000",82881,86990.1
"483","013",92734,"06013350000",82881,86990.1
"484","013",49115,"06013351101",82881,86990.1
"485","013",44598,"06013351102",82881,86990.1
"486","013",71333,"06013351103",82881,86990.1
"487","013",200750,"06013351200",82881,86990.1
"488","013",164432,"06013352101",82881,86990.1
"489","013",171802,"06013352102",82881,86990.1
"490","013",122188,"06013352201",82881,86990.1
"491","013",113611,"06013352202",82881,86990.1
"492","013",177679,"06013353001",82881,86990.1
"493","013",161780,"06013353002",82881,86990.1
"494","013",173021,"06013354001",82881,86990.1
"495","013",219556,"06013354002",82881,86990.1
"496","013",84107,"06013355107",82881,86990.1
"497","013",93927,"06013355108",82881,86990.1
"498","013",92167,"06013355109",82881,86990.1
"499","013",81618,"06013355110",82881,86990.1
"500","013",81761,"06013355111",82881,86990.1
"501","013",162500,"06013355112",82881,86990.1
"502","013",169250,"06013355113",82881,86990.1
"503","013",165082,"06013355114",82881,86990.1
"504","013",105635,"06013355115",82881,86990.1
"505","013",188086,"06013355116",82881,86990.1
"506","013",205441,"06013355117",82881,86990.1
"507","013",108438,"06013355200",82881,86990.1
"508","013",114200,"06013355301",82881,86990.1
"509","013",183654,"06013355302",82881,86990.1
"510","013",130080,"06013355304",82881,86990.1
"511","013",135185,"06013355306",82881,86990.1
"512","013",83476,"06013356001",82881,86990.1
"513","013",122927,"06013356002",82881,86990.1
"514","013",88617,"06013357000",82881,86990.1
"515","013",61250,"06013358000",82881,86990.1
"516","013",70886,"06013359102",82881,86990.1
"517","013",69255,"06013359103",82881,86990.1
"518","013",74306,"06013359104",82881,86990.1
"519","013",111536,"06013359105",82881,86990.1
"520","013",85118,"06013359202",82881,86990.1
"521","013",86519,"06013359203",82881,86990.1
"522","013",116607,"06013359204",82881,86990.1
"523","013",82606,"06013360101",82881,86990.1
"524","013",114599,"06013360102",82881,86990.1
"525","013",68523,"06013360200",82881,86990.1
"526","013",69792,"06013361000",82881,86990.1
"527","013",70716,"06013362000",82881,86990.1
"528","013",74456,"06013363000",82881,86990.1
"529","013",64145,"06013364002",82881,86990.1
"530","013",40900,"06013365002",82881,86990.1
"531","013",61976,"06013365003",82881,86990.1
"532","013",55196,"06013366001",82881,86990.1
"533","013",55841,"06013366002",82881,86990.1
"534","013",55000,"06013367100",82881,86990.1
"535","013",46130,"06013367200",82881,86990.1
"536","013",44817,"06013368001",82881,86990.1
"537","013",43966,"06013368002",82881,86990.1
"538","013",40000,"06013369001",82881,86990.1
"539","013",54487,"06013369002",82881,86990.1
"540","013",88274,"06013370000",82881,86990.1
"541","013",72066,"06013371000",82881,86990.1
"542","013",49041,"06013372000",82881,86990.1
"543","013",50238,"06013373000",82881,86990.1
"544","013",43795,"06013374000",82881,86990.1
"545","013",48688,"06013375000",82881,86990.1
"546","013",34958,"06013376000",82881,86990.1
"547","013",30388,"06013377000",82881,86990.1
"548","013",78625,"06013378000",82881,86990.1
"549","013",39071,"06013379000",82881,86990.1
"550","013",80545,"06013380000",82881,86990.1
"551","013",46162,"06013381000",82881,86990.1
"552","013",34107,"06013382000",82881,86990.1
"553","013",73344,"06013383000",82881,86990.1
"554","013",95986,"06013384000",82881,86990.1
"555","013",142566,"06013385100",82881,86990.1
"556","013",104135,"06013385200",82881,86990.1
"557","013",62227,"06013386000",82881,86990.1
"558","013",70379,"06013387000",82881,86990.1
"559","013",86582,"06013388000",82881,86990.1
"560","013",81563,"06013389100",82881,86990.1
"561","013",54048,"06013389200",82881,86990.1
"562","013",121979,"06013390100",82881,86990.1
"563","013",102788,"06013390200",82881,86990.1
"564","013",137336,"06013391000",82881,86990.1
"565","013",150179,"06013392000",82881,86990.1
"566","013",74750,"06013392200",82881,86990.1
"567","013",125875,"06013392300",82881,86990.1
"568","041",138140,"06041101100",100310,86990.1
"569","041",93088,"06041101200",100310,86990.1
"570","041",103958,"06041102100",100310,86990.1
"571","041",98505,"06041102202",100310,86990.1
"572","041",64306,"06041102203",100310,86990.1
"573","041",112708,"06041103100",100310,86990.1
"574","041",81585,"06041103200",100310,86990.1
"575","041",90573,"06041104101",100310,86990.1
"576","041",67917,"06041104102",100310,86990.1
"577","041",92054,"06041104200",100310,86990.1
"578","041",90625,"06041104300",100310,86990.1
"579","041",59779,"06041105000",100310,86990.1
"580","041",59081,"06041106001",100310,86990.1
"581","041",86047,"06041106002",100310,86990.1
"582","041",119413,"06041107000",100310,86990.1
"583","041",110768,"06041108100",100310,86990.1
"584","041",82000,"06041108200",100310,86990.1
"585","041",78750,"06041109001",100310,86990.1
"586","041",101705,"06041109002",100310,86990.1
"587","041",91827,"06041110100",100310,86990.1
"588","041",156417,"06041110200",100310,86990.1
"589","041",77122,"06041111000",100310,86990.1
"590","041",68667,"06041112100",100310,86990.1
"591","041",32452,"06041112201",100310,86990.1
"592","041",66568,"06041112202",100310,86990.1
"593","041",87038,"06041113000",100310,86990.1
"594","041",119044,"06041114100",100310,86990.1
"595","041",79091,"06041114200",100310,86990.1
"596","041",130921,"06041115000",100310,86990.1
"597","041",120638,"06041116000",100310,86990.1
"598","041",96607,"06041117000",100310,86990.1
"599","041",210000,"06041118100",100310,86990.1
"600","041",167917,"06041119100",100310,86990.1
"601","041",79177,"06041119201",100310,86990.1
"602","041",174183,"06041119202",100310,86990.1
"603","041",104074,"06041120000",100310,86990.1
"604","041",126127,"06041121100",100310,86990.1
"605","041",91792,"06041121200",100310,86990.1
"606","041",177232,"06041123000",100310,86990.1
"607","041",139079,"06041124100",100310,86990.1
"608","041",151765,"06041124200",100310,86990.1
"609","041",97125,"06041125000",100310,86990.1
"610","041",170591,"06041126100",100310,86990.1
"611","041",104444,"06041126200",100310,86990.1
"612","041",149080,"06041127000",100310,86990.1
"613","041",137703,"06041128100",100310,86990.1
"614","041",143125,"06041128200",100310,86990.1
"615","041",36550,"06041129000",100310,86990.1
"616","041",133571,"06041130201",100310,86990.1
"617","041",107054,"06041130202",100310,86990.1
"618","041",122750,"06041131100",100310,86990.1
"619","041",85156,"06041132100",100310,86990.1
"620","041",57308,"06041132200",100310,86990.1
"621","041",61696,"06041133000",100310,86990.1
"622","055",68362,"06055200201",74609,86990.1
"623","055",52620,"06055200202",74609,86990.1
"624","055",58808,"06055200203",74609,86990.1
"625","055",58023,"06055200301",74609,86990.1
"626","055",83293,"06055200302",74609,86990.1
"627","055",95128,"06055200400",74609,86990.1
"628","055",57149,"06055200501",74609,86990.1
"629","055",61964,"06055200503",74609,86990.1
"630","055",70619,"06055200504",74609,86990.1
"631","055",67073,"06055200505",74609,86990.1
"632","055",88673,"06055200601",74609,86990.1
"633","055",67664,"06055200602",74609,86990.1
"634","055",105795,"06055200703",74609,86990.1
"635","055",56887,"06055200704",74609,86990.1
"636","055",74250,"06055200705",74609,86990.1
"637","055",105642,"06055200706",74609,86990.1
"638","055",73293,"06055200707",74609,86990.1
"639","055",70675,"06055200802",74609,86990.1
"640","055",81838,"06055200803",74609,86990.1
"641","055",64161,"06055200804",74609,86990.1
"642","055",98906,"06055201003",74609,86990.1
"643","055",71165,"06055201004",74609,86990.1
"644","055",95179,"06055201005",74609,86990.1
"645","055",75000,"06055201006",74609,86990.1
"646","055",89474,"06055201007",74609,86990.1
"647","055",132500,"06055201101",74609,86990.1
"648","055",96250,"06055201102",74609,86990.1
"649","055",59024,"06055201200",74609,86990.1
"650","055",72194,"06055201300",74609,86990.1
"651","055",129028,"06055201401",74609,86990.1
"652","055",135357,"06055201402",74609,86990.1
"653","055",77813,"06055201403",74609,86990.1
"654","055",90208,"06055201500",74609,86990.1
"655","055",60500,"06055201601",74609,86990.1
"656","055",98333,"06055201602",74609,86990.1
"657","055",72308,"06055201700",74609,86990.1
"658","055",64432,"06055201800",74609,86990.1
"659","055",85000,"06055201900",74609,86990.1
"660","055",60534,"06055202000",74609,86990.1
"661","075",59519,"06075010100",87701,86990.1
"662","075",110536,"06075010200",87701,86990.1
"663","075",99120,"06075010300",87701,86990.1
"664","075",102986,"06075010400",87701,86990.1
"665","075",119750,"06075010500",87701,86990.1
"666","075",36949,"06075010600",87701,86990.1
"667","075",22425,"06075010700",87701,86990.1
"668","075",94875,"06075010800",87701,86990.1
"669","075",117181,"06075010900",87701,86990.1
"670","075",115100,"06075011000",87701,86990.1
"671","075",84442,"06075011100",87701,86990.1
"672","075",100139,"06075011200",87701,86990.1
"673","075",24426,"06075011300",87701,86990.1
"674","075",50223,"06075011700",87701,86990.1
"675","075",20800,"06075011800",87701,86990.1
"676","075",72364,"06075011901",87701,86990.1
"677","075",74077,"06075011902",87701,86990.1
"678","075",37219,"06075012000",87701,86990.1
"679","075",53595,"06075012100",87701,86990.1
"680","075",43698,"06075012201",87701,86990.1
"681","075",31202,"06075012202",87701,86990.1
"682","075",15272,"06075012301",87701,86990.1
"683","075",39081,"06075012302",87701,86990.1
"684","075",18979,"06075012401",87701,86990.1
"685","075",40453,"06075012402",87701,86990.1
"686","075",19328,"06075012501",87701,86990.1
"687","075",11971,"06075012502",87701,86990.1
"688","075",125139,"06075012601",87701,86990.1
"689","075",122212,"06075012602",87701,86990.1
"690","075",131568,"06075012700",87701,86990.1
"691","075",126716,"06075012800",87701,86990.1
"692","075",142500,"06075012901",87701,86990.1
"693","075",119007,"06075012902",87701,86990.1
"694","075",151477,"06075013000",87701,86990.1
"695","075",124063,"06075013101",87701,86990.1
"696","075",124330,"06075013102",87701,86990.1
"697","075",131806,"06075013200",87701,86990.1
"698","075",141019,"06075013300",87701,86990.1
"699","075",136700,"06075013400",87701,86990.1
"700","075",120714,"06075013500",87701,86990.1
"701","075",83750,"06075015100",87701,86990.1
"702","075",89440,"06075015200",87701,86990.1
"703","075",111250,"06075015300",87701,86990.1
"704","075",118674,"06075015400",87701,86990.1
"705","075",55313,"06075015500",87701,86990.1
"706","075",85625,"06075015600",87701,86990.1
"707","075",102152,"06075015700",87701,86990.1
"708","075",66698,"06075015801",87701,86990.1
"709","075",107143,"06075015802",87701,86990.1
"710","075",52479,"06075015900",87701,86990.1
"711","075",62719,"06075016000",87701,86990.1
"712","075",23840,"06075016100",87701,86990.1
"713","075",80651,"06075016200",87701,86990.1
"714","075",116928,"06075016300",87701,86990.1
"715","075",107254,"06075016400",87701,86990.1
"716","075",104097,"06075016500",87701,86990.1
"717","075",118167,"06075016600",87701,86990.1
"718","075",147237,"06075016700",87701,86990.1
"719","075",88929,"06075016801",87701,86990.1
"720","075",79167,"06075016802",87701,86990.1
"721","075",102218,"06075016900",87701,86990.1
"722","075",140152,"06075017000",87701,86990.1
"723","075",127065,"06075017101",87701,86990.1
"724","075",133079,"06075017102",87701,86990.1
"725","075",21154,"06075017601",87701,86990.1
"726","075",93056,"06075017700",87701,86990.1
"727","075",17113,"06075017801",87701,86990.1
"728","075",69833,"06075017802",87701,86990.1
"729","075",49271,"06075017902",87701,86990.1
"730","075",156897,"06075018000",87701,86990.1
"731","075",43933,"06075020100",87701,86990.1
"732","075",58838,"06075020200",87701,86990.1
"733","075",108750,"06075020300",87701,86990.1
"734","075",149886,"06075020401",87701,86990.1
"735","075",93479,"06075020402",87701,86990.1
"736","075",126971,"06075020500",87701,86990.1
"737","075",136761,"06075020600",87701,86990.1
"738","075",150670,"06075020700",87701,86990.1
"739","075",72632,"06075020800",87701,86990.1
"740","075",59896,"06075020900",87701,86990.1
"741","075",98260,"06075021000",87701,86990.1
"742","075",136780,"06075021100",87701,86990.1
"743","075",144886,"06075021200",87701,86990.1
"744","075",167708,"06075021300",87701,86990.1
"745","075",143846,"06075021400",87701,86990.1
"746","075",113819,"06075021500",87701,86990.1
"747","075",135395,"06075021600",87701,86990.1
"748","075",104698,"06075021700",87701,86990.1
"749","075",131012,"06075021800",87701,86990.1
"750","075",205865,"06075022600",87701,86990.1
"751","075",165551,"06075022702",87701,86990.1
"752","075",150938,"06075022704",87701,86990.1
"753","075",117188,"06075022801",87701,86990.1
"754","075",58772,"06075022802",87701,86990.1
"755","075",99375,"06075022803",87701,86990.1
"756","075",69013,"06075022901",87701,86990.1
"757","075",113750,"06075022902",87701,86990.1
"758","075",80972,"06075022903",87701,86990.1
"759","075",64583,"06075023001",87701,86990.1
"760","075",76528,"06075023003",87701,86990.1
"761","075",35951,"06075023102",87701,86990.1
"762","075",22697,"06075023103",87701,86990.1
"763","075",49583,"06075023200",87701,86990.1
"764","075",54566,"06075023300",87701,86990.1
"765","075",39750,"06075023400",87701,86990.1
"766","075",103700,"06075025100",87701,86990.1
"767","075",130099,"06075025200",87701,86990.1
"768","075",104545,"06075025300",87701,86990.1
"769","075",110313,"06075025401",87701,86990.1
"770","075",123313,"06075025402",87701,86990.1
"771","075",88262,"06075025403",87701,86990.1
"772","075",103275,"06075025500",87701,86990.1
"773","075",73730,"06075025600",87701,86990.1
"774","075",80565,"06075025701",87701,86990.1
"775","075",59926,"06075025702",87701,86990.1
"776","075",72868,"06075025800",87701,86990.1
"777","075",89896,"06075025900",87701,86990.1
"778","075",60694,"06075026001",87701,86990.1
"779","075",86900,"06075026002",87701,86990.1
"780","075",65282,"06075026003",87701,86990.1
"781","075",75962,"06075026004",87701,86990.1
"782","075",72350,"06075026100",87701,86990.1
"783","075",76137,"06075026200",87701,86990.1
"784","075",65625,"06075026301",87701,86990.1
"785","075",76386,"06075026302",87701,86990.1
"786","075",83047,"06075026303",87701,86990.1
"787","075",50694,"06075026401",87701,86990.1
"788","075",82969,"06075026402",87701,86990.1
"789","075",66875,"06075026403",87701,86990.1
"790","075",48000,"06075026404",87701,86990.1
"791","075",94857,"06075030101",87701,86990.1
"792","075",111651,"06075030102",87701,86990.1
"793","075",91387,"06075030201",87701,86990.1
"794","075",105457,"06075030202",87701,86990.1
"795","075",130234,"06075030301",87701,86990.1
"796","075",133984,"06075030302",87701,86990.1
"797","075",154769,"06075030400",87701,86990.1
"798","075",109352,"06075030500",87701,86990.1
"799","075",158421,"06075030600",87701,86990.1
"800","075",126875,"06075030700",87701,86990.1
"801","075",134481,"06075030800",87701,86990.1
"802","075",157820,"06075030900",87701,86990.1
"803","075",128517,"06075031000",87701,86990.1
"804","075",110417,"06075031100",87701,86990.1
"805","075",80462,"06075031201",87701,86990.1
"806","075",73839,"06075031202",87701,86990.1
"807","075",93750,"06075031301",87701,86990.1
"808","075",67438,"06075031302",87701,86990.1
"809","075",59487,"06075031400",87701,86990.1
"810","075",95854,"06075032601",87701,86990.1
"811","075",80357,"06075032602",87701,86990.1
"812","075",103648,"06075032700",87701,86990.1
"813","075",79764,"06075032801",87701,86990.1
"814","075",84946,"06075032802",87701,86990.1
"815","075",83169,"06075032901",87701,86990.1
"816","075",96208,"06075032902",87701,86990.1
"817","075",83896,"06075033000",87701,86990.1
"818","075",108018,"06075033100",87701,86990.1
"819","075",22895,"06075033201",87701,86990.1
"820","075",50946,"06075033203",87701,86990.1
"821","075",44922,"06075033204",87701,86990.1
"822","075",107482,"06075035100",87701,86990.1
"823","075",84817,"06075035201",87701,86990.1
"824","075",78542,"06075035202",87701,86990.1
"825","075",80352,"06075035300",87701,86990.1
"826","075",87598,"06075035400",87701,86990.1
"827","075",93875,"06075040100",87701,86990.1
"828","075",83867,"06075040200",87701,86990.1
"829","075",70100,"06075042601",87701,86990.1
"830","075",104943,"06075042602",87701,86990.1
"831","075",56765,"06075042700",87701,86990.1
"832","075",181125,"06075042800",87701,86990.1
"833","075",91206,"06075045100",87701,86990.1
"834","075",87664,"06075045200",87701,86990.1
"835","075",84625,"06075047600",87701,86990.1
"836","075",72981,"06075047701",87701,86990.1
"837","075",85769,"06075047702",87701,86990.1
"838","075",92881,"06075047801",87701,86990.1
"839","075",75091,"06075047802",87701,86990.1
"840","075",67407,"06075047901",87701,86990.1
"841","075",74500,"06075047902",87701,86990.1
"842","075",175259,"06075060100",87701,86990.1
"843","075",44200,"06075060400",87701,86990.1
"844","075",25434,"06075060502",87701,86990.1
"845","075",114597,"06075060700",87701,86990.1
"846","075",101667,"06075061000",87701,86990.1
"847","075",17218,"06075061100",87701,86990.1
"848","075",51818,"06075061200",87701,86990.1
"849","075",137469,"06075061400",87701,86990.1
"850","075",162690,"06075061500",87701,86990.1
"851","075",150000,"06075980200",87701,86990.1
"852","075",106944,"06075980300",87701,86990.1
"853","075",16473,"06075980501",87701,86990.1
"854","075",101000,"06075980900",87701,86990.1
"855","081",89533,"06081600100",98546,86990.1
"856","081",67855,"06081600200",98546,86990.1
"857","081",94640,"06081600300",98546,86990.1
"858","081",80184,"06081600401",98546,86990.1
"859","081",81063,"06081600402",98546,86990.1
"860","081",104474,"06081600500",98546,86990.1
"861","081",76932,"06081600600",98546,86990.1
"862","081",68685,"06081600700",98546,86990.1
"863","081",51111,"06081600800",98546,86990.1
"864","081",99013,"06081600900",98546,86990.1
"865","081",92375,"06081601000",98546,86990.1
"866","081",97708,"06081601100",98546,86990.1
"867","081",86731,"06081601200",98546,86990.1
"868","081",59328,"06081601300",98546,86990.1
"869","081",75104,"06081601400",98546,86990.1
"870","081",95357,"06081601501",98546,86990.1
"871","081",61741,"06081601502",98546,86990.1
"872","081",73611,"06081601601",98546,86990.1
"873","081",105000,"06081601603",98546,86990.1
"874","081",95300,"06081601604",98546,86990.1
"875","081",98793,"06081601605",98546,86990.1
"876","081",94769,"06081601700",98546,86990.1
"877","081",102276,"06081601800",98546,86990.1
"878","081",77636,"06081601901",98546,86990.1
"879","081",90509,"06081601902",98546,86990.1
"880","081",90395,"06081602000",98546,86990.1
"881","081",62452,"06081602100",98546,86990.1
"882","081",58832,"06081602200",98546,86990.1
"883","081",83889,"06081602300",98546,86990.1
"884","081",85449,"06081602400",98546,86990.1
"885","081",113401,"06081602500",98546,86990.1
"886","081",95972,"06081602600",98546,86990.1
"887","081",101221,"06081602700",98546,86990.1
"888","081",116854,"06081602800",98546,86990.1
"889","081",100563,"06081602900",98546,86990.1
"890","081",86429,"06081603000",98546,86990.1
"891","081",115724,"06081603100",98546,86990.1
"892","081",110524,"06081603200",98546,86990.1
"893","081",105000,"06081603300",98546,86990.1
"894","081",112159,"06081603400",98546,86990.1
"895","081",89836,"06081603700",98546,86990.1
"896","081",72841,"06081603801",98546,86990.1
"897","081",105714,"06081603802",98546,86990.1
"898","081",102346,"06081603900",98546,86990.1
"899","081",105227,"06081604000",98546,86990.1
"900","081",78750,"06081604101",98546,86990.1
"901","081",75149,"06081604102",98546,86990.1
"902","081",73611,"06081604200",98546,86990.1
"903","081",77885,"06081604400",98546,86990.1
"904","081",119471,"06081604500",98546,86990.1
"905","081",115375,"06081604600",98546,86990.1
"906","081",120227,"06081604700",98546,86990.1
"907","081",93618,"06081604800",98546,86990.1
"908","081",103631,"06081604900",98546,86990.1
"909","081",127054,"06081605000",98546,86990.1
"910","081",102167,"06081605100",98546,86990.1
"911","081",149722,"06081605200",98546,86990.1
"912","081",113984,"06081605300",98546,86990.1
"913","081",92411,"06081605400",98546,86990.1
"914","081",88321,"06081605500",98546,86990.1
"915","081",211818,"06081605600",98546,86990.1
"916","081",218849,"06081605700",98546,86990.1
"917","081",184167,"06081605800",98546,86990.1
"918","081",81586,"06081605900",98546,86990.1
"919","081",64850,"06081606000",98546,86990.1
"920","081",68229,"06081606100",98546,86990.1
"921","081",62882,"06081606200",98546,86990.1
"922","081",81394,"06081606300",98546,86990.1
"923","081",95774,"06081606400",98546,86990.1
"924","081",199886,"06081606500",98546,86990.1
"925","081",102195,"06081606600",98546,86990.1
"926","081",136806,"06081606700",98546,86990.1
"927","081",129013,"06081606800",98546,86990.1
"928","081",147031,"06081606900",98546,86990.1
"929","081",129375,"06081607000",98546,86990.1
"930","081",138482,"06081607100",98546,86990.1
"931","081",82361,"06081607200",98546,86990.1
"932","081",122383,"06081607300",98546,86990.1
"933","081",87105,"06081607400",98546,86990.1
"934","081",103824,"06081607500",98546,86990.1
"935","081",102825,"06081607600",98546,86990.1
"936","081",88508,"06081607701",98546,86990.1
"937","081",103462,"06081607702",98546,86990.1
"938","081",104125,"06081607800",98546,86990.1
"939","081",111656,"06081607900",98546,86990.1
"940","081",123882,"06081608001",98546,86990.1
"941","081",144286,"06081608002",98546,86990.1
"942","081",120032,"06081608004",98546,86990.1
"943","081",140190,"06081608013",98546,86990.1
"944","081",136111,"06081608023",98546,86990.1
"945","081",90846,"06081608100",98546,86990.1
"946","081",152898,"06081608200",98546,86990.1
"947","081",134630,"06081608300",98546,86990.1
"948","081",100838,"06081608400",98546,86990.1
"949","081",110217,"06081608501",98546,86990.1
"950","081",105673,"06081608502",98546,86990.1
"951","081",89940,"06081608600",98546,86990.1
"952","081",129438,"06081608700",98546,86990.1
"953","081",170192,"06081608800",98546,86990.1
"954","081",107698,"06081608900",98546,86990.1
"955","081",94219,"06081609000",98546,86990.1
"956","081",103977,"06081609100",98546,86990.1
"957","081",87378,"06081609201",98546,86990.1
"958","081",85339,"06081609202",98546,86990.1
"959","081",140556,"06081609300",98546,86990.1
"960","081",197798,"06081609400",98546,86990.1
"961","081",166944,"06081609500",98546,86990.1
"962","081",150500,"06081609601",98546,86990.1
"963","081",138000,"06081609602",98546,86990.1
"964","081",144275,"06081609603",98546,86990.1
"965","081",158500,"06081609700",98546,86990.1
"966","081",133167,"06081609800",98546,86990.1
"967","081",175643,"06081609900",98546,86990.1
"968","081",91725,"06081610000",98546,86990.1
"969","081",76394,"06081610100",98546,86990.1
"970","081",54250,"06081610201",98546,86990.1
"971","081",49573,"06081610202",98546,86990.1
"972","081",53611,"06081610203",98546,86990.1
"973","081",60257,"06081610302",98546,86990.1
"974","081",159059,"06081610303",98546,86990.1
"975","081",115286,"06081610304",98546,86990.1
"976","081",62594,"06081610400",98546,86990.1
"977","081",57083,"06081610500",98546,86990.1
"978","081",57480,"06081610601",98546,86990.1
"979","081",116736,"06081610602",98546,86990.1
"980","081",75229,"06081610700",98546,86990.1
"981","081",58500,"06081610800",98546,86990.1
"982","081",66019,"06081610900",98546,86990.1
"983","081",100204,"06081611000",98546,86990.1
"984","081",150679,"06081611100",98546,86990.1
"985","081",133203,"06081611200",98546,86990.1
"986","081",121760,"06081611300",98546,86990.1
"987","081",250001,"06081611400",98546,86990.1
"988","081",250001,"06081611500",98546,86990.1
"989","081",161250,"06081611600",98546,86990.1
"990","081",54856,"06081611700",98546,86990.1
"991","081",64135,"06081611800",98546,86990.1
"992","081",57349,"06081611900",98546,86990.1
"993","081",61667,"06081612000",98546,86990.1
"994","081",53693,"06081612100",98546,86990.1
"995","081",120054,"06081612500",98546,86990.1
"996","081",133241,"06081612600",98546,86990.1
"997","081",238375,"06081612700",98546,86990.1
"998","081",217321,"06081612800",98546,86990.1
"999","081",168371,"06081612900",98546,86990.1
"1000","081",123750,"06081613000",98546,86990.1
"1001","081",217188,"06081613200",98546,86990.1
"1002","081",219926,"06081613300",98546,86990.1
"1003","081",208594,"06081613400",98546,86990.1
"1004","081",101026,"06081613501",98546,86990.1
"1005","081",125803,"06081613502",98546,86990.1
"1006","081",94481,"06081613600",98546,86990.1
"1007","081",105275,"06081613700",98546,86990.1
"1008","081",82192,"06081613800",98546,86990.1
"1009","081",146307,"06081613900",98546,86990.1
"1010","081",117050,"06081614000",98546,86990.1
"1011","085",81125,"06085500100",101173,86990.1
"1012","085",91851,"06085500200",101173,86990.1
"1013","085",110345,"06085500300",101173,86990.1
"1014","085",66354,"06085500400",101173,86990.1
"1015","085",130469,"06085500500",101173,86990.1
"1016","085",93547,"06085500600",101173,86990.1
"1017","085",82344,"06085500800",101173,86990.1
"1018","085",61458,"06085500901",101173,86990.1
"1019","085",30682,"06085500902",101173,86990.1
"1020","085",37988,"06085501000",101173,86990.1
"1021","085",71852,"06085501101",101173,86990.1
"1022","085",82228,"06085501102",101173,86990.1
"1023","085",69583,"06085501200",101173,86990.1
"1024","085",82019,"06085501300",101173,86990.1
"1025","085",44052,"06085501401",101173,86990.1
"1026","085",46644,"06085501402",101173,86990.1
"1027","085",41308,"06085501501",101173,86990.1
"1028","085",63516,"06085501502",101173,86990.1
"1029","085",54269,"06085501600",101173,86990.1
"1030","085",39780,"06085501700",101173,86990.1
"1031","085",92574,"06085501800",101173,86990.1
"1032","085",82417,"06085501900",101173,86990.1
"1033","085",64337,"06085502001",101173,86990.1
"1034","085",46046,"06085502002",101173,86990.1
"1035","085",98867,"06085502101",101173,86990.1
"1036","085",54606,"06085502102",101173,86990.1
"1037","085",57667,"06085502201",101173,86990.1
"1038","085",104643,"06085502202",101173,86990.1
"1039","085",123942,"06085502301",101173,86990.1
"1040","085",83507,"06085502302",101173,86990.1
"1041","085",124028,"06085502400",101173,86990.1
"1042","085",146875,"06085502500",101173,86990.1
"1043","085",124539,"06085502601",101173,86990.1
"1044","085",114063,"06085502603",101173,86990.1
"1045","085",87333,"06085502604",101173,86990.1
"1046","085",90000,"06085502701",101173,86990.1
"1047","085",103417,"06085502702",101173,86990.1
"1048","085",112000,"06085502800",101173,86990.1
"1049","085",100285,"06085502901",101173,86990.1
"1050","085",123150,"06085502902",101173,86990.1
"1051","085",140563,"06085502903",101173,86990.1
"1052","085",86902,"06085502906",101173,86990.1
"1053","085",133598,"06085502907",101173,86990.1
"1054","085",135110,"06085502908",101173,86990.1
"1055","085",91571,"06085502909",101173,86990.1
"1056","085",86445,"06085502910",101173,86990.1
"1057","085",150652,"06085503001",101173,86990.1
"1058","085",116000,"06085503002",101173,86990.1
"1059","085",130000,"06085503003",101173,86990.1
"1060","085",37404,"06085503105",101173,86990.1
"1061","085",85557,"06085503108",101173,86990.1
"1062","085",44780,"06085503110",101173,86990.1
"1063","085",84076,"06085503111",101173,86990.1
"1064","085",54048,"06085503112",101173,86990.1
"1065","085",55331,"06085503113",101173,86990.1
"1066","085",100924,"06085503115",101173,86990.1
"1067","085",67197,"06085503116",101173,86990.1
"1068","085",48636,"06085503117",101173,86990.1
"1069","085",66056,"06085503118",101173,86990.1
"1070","085",50893,"06085503121",101173,86990.1
"1071","085",21978,"06085503122",101173,86990.1
"1072","085",43785,"06085503123",101173,86990.1
"1073","085",65350,"06085503204",101173,86990.1
"1074","085",97250,"06085503207",101173,86990.1
"1075","085",87917,"06085503208",101173,86990.1
"1076","085",70500,"06085503210",101173,86990.1
"1077","085",78287,"06085503211",101173,86990.1
"1078","085",93477,"06085503212",101173,86990.1
"1079","085",42500,"06085503213",101173,86990.1
"1080","085",38851,"06085503214",101173,86990.1
"1081","085",63258,"06085503217",101173,86990.1
"1082","085",41086,"06085503218",101173,86990.1
"1083","085",62955,"06085503304",101173,86990.1
"1084","085",73819,"06085503305",101173,86990.1
"1085","085",63636,"06085503306",101173,86990.1
"1086","085",94913,"06085503312",101173,86990.1
"1087","085",145045,"06085503313",101173,86990.1
"1088","085",77188,"06085503315",101173,86990.1
"1089","085",105000,"06085503321",101173,86990.1
"1090","085",108854,"06085503322",101173,86990.1
"1091","085",110216,"06085503323",101173,86990.1
"1092","085",114643,"06085503324",101173,86990.1
"1093","085",115625,"06085503325",101173,86990.1
"1094","085",170903,"06085503326",101173,86990.1
"1095","085",84875,"06085503327",101173,86990.1
"1096","085",170071,"06085503329",101173,86990.1
"1097","085",185408,"06085503330",101173,86990.1
"1098","085",86705,"06085503331",101173,86990.1
"1099","085",82092,"06085503332",101173,86990.1
"1100","085",139914,"06085503333",101173,86990.1
"1101","085",211442,"06085503334",101173,86990.1
"1102","085",88681,"06085503336",101173,86990.1
"1103","085",82946,"06085503337",101173,86990.1
"1104","085",60455,"06085503401",101173,86990.1
"1105","085",54221,"06085503402",101173,86990.1
"1106","085",71404,"06085503504",101173,86990.1
"1107","085",60733,"06085503506",101173,86990.1
"1108","085",104219,"06085503507",101173,86990.1
"1109","085",67180,"06085503508",101173,86990.1
"1110","085",86181,"06085503509",101173,86990.1
"1111","085",56051,"06085503510",101173,86990.1
"1112","085",97862,"06085503511",101173,86990.1
"1113","085",51910,"06085503601",101173,86990.1
"1114","085",49796,"06085503602",101173,86990.1
"1115","085",60877,"06085503703",101173,86990.1
"1116","085",81977,"06085503707",101173,86990.1
"1117","085",71157,"06085503708",101173,86990.1
"1118","085",29545,"06085503709",101173,86990.1
"1119","085",31667,"06085503710",101173,86990.1
"1120","085",65703,"06085503711",101173,86990.1
"1121","085",31903,"06085503712",101173,86990.1
"1122","085",29390,"06085503713",101173,86990.1
"1123","085",87778,"06085503802",101173,86990.1
"1124","085",83173,"06085503803",101173,86990.1
"1125","085",75805,"06085503804",101173,86990.1
"1126","085",59896,"06085503902",101173,86990.1
"1127","085",65250,"06085503903",101173,86990.1
"1128","085",66875,"06085504001",101173,86990.1
"1129","085",57188,"06085504002",101173,86990.1
"1130","085",70824,"06085504101",101173,86990.1
"1131","085",73958,"06085504102",101173,86990.1
"1132","085",138250,"06085504201",101173,86990.1
"1133","085",134063,"06085504202",101173,86990.1
"1134","085",98667,"06085504307",101173,86990.1
"1135","085",121767,"06085504308",101173,86990.1
"1136","085",127348,"06085504311",101173,86990.1
"1137","085",102254,"06085504314",101173,86990.1
"1138","085",95625,"06085504315",101173,86990.1
"1139","085",100536,"06085504316",101173,86990.1
"1140","085",102404,"06085504317",101173,86990.1
"1141","085",57177,"06085504318",101173,86990.1
"1142","085",103153,"06085504319",101173,86990.1
"1143","085",110875,"06085504320",101173,86990.1
"1144","085",100048,"06085504321",101173,86990.1
"1145","085",121625,"06085504322",101173,86990.1
"1146","085",96250,"06085504323",101173,86990.1
"1147","085",87647,"06085504410",101173,86990.1
"1148","085",100701,"06085504411",101173,86990.1
"1149","085",72095,"06085504412",101173,86990.1
"1150","085",100670,"06085504413",101173,86990.1
"1151","085",140610,"06085504414",101173,86990.1
"1152","085",124875,"06085504415",101173,86990.1
"1153","085",107500,"06085504416",101173,86990.1
"1154","085",100750,"06085504417",101173,86990.1
"1155","085",86250,"06085504418",101173,86990.1
"1156","085",113426,"06085504420",101173,86990.1
"1157","085",120268,"06085504421",101173,86990.1
"1158","085",96094,"06085504422",101173,86990.1
"1159","085",116133,"06085504423",101173,86990.1
"1160","085",104332,"06085504504",101173,86990.1
"1161","085",116791,"06085504505",101173,86990.1
"1162","085",93558,"06085504506",101173,86990.1
"1163","085",88191,"06085504507",101173,86990.1
"1164","085",65250,"06085504601",101173,86990.1
"1165","085",77734,"06085504602",101173,86990.1
"1166","085",81563,"06085504700",101173,86990.1
"1167","085",81008,"06085504802",101173,86990.1
"1168","085",115625,"06085504803",101173,86990.1
"1169","085",87572,"06085504805",101173,86990.1
"1170","085",101908,"06085504806",101173,86990.1
"1171","085",147904,"06085504901",101173,86990.1
"1172","085",124329,"06085505001",101173,86990.1
"1173","085",151180,"06085505006",101173,86990.1
"1174","085",107917,"06085505007",101173,86990.1
"1175","085",127332,"06085505008",101173,86990.1
"1176","085",100425,"06085505009",101173,86990.1
"1177","085",64676,"06085505100",101173,86990.1
"1178","085",68438,"06085505202",101173,86990.1
"1179","085",93271,"06085505203",101173,86990.1
"1180","085",93816,"06085505301",101173,86990.1
"1181","085",105042,"06085505302",101173,86990.1
"1182","085",76105,"06085505303",101173,86990.1
"1183","085",123616,"06085505304",101173,86990.1
"1184","085",109750,"06085505305",101173,86990.1
"1185","085",103854,"06085505401",101173,86990.1
"1186","085",105868,"06085505402",101173,86990.1
"1187","085",82238,"06085505403",101173,86990.1
"1188","085",90000,"06085505500",101173,86990.1
"1189","085",51104,"06085505600",101173,86990.1
"1190","085",73547,"06085505700",101173,86990.1
"1191","085",105000,"06085505800",101173,86990.1
"1192","085",89811,"06085505900",101173,86990.1
"1193","085",103222,"06085506000",101173,86990.1
"1194","085",100345,"06085506101",101173,86990.1
"1195","085",119904,"06085506102",101173,86990.1
"1196","085",113958,"06085506103",101173,86990.1
"1197","085",123713,"06085506202",101173,86990.1
"1198","085",89583,"06085506203",101173,86990.1
"1199","085",98438,"06085506204",101173,86990.1
"1200","085",84683,"06085506301",101173,86990.1
"1201","085",107500,"06085506302",101173,86990.1
"1202","085",78147,"06085506304",101173,86990.1
"1203","085",51161,"06085506305",101173,86990.1
"1204","085",86056,"06085506401",101173,86990.1
"1205","085",77089,"06085506402",101173,86990.1
"1206","085",49539,"06085506501",101173,86990.1
"1207","085",121053,"06085506502",101173,86990.1
"1208","085",92004,"06085506503",101173,86990.1
"1209","085",94306,"06085506601",101173,86990.1
"1210","085",121833,"06085506603",101173,86990.1
"1211","085",113622,"06085506604",101173,86990.1
"1212","085",79345,"06085506605",101173,86990.1
"1213","085",91136,"06085506606",101173,86990.1
"1214","085",132401,"06085506701",101173,86990.1
"1215","085",105313,"06085506702",101173,86990.1
"1216","085",119896,"06085506703",101173,86990.1
"1217","085",109432,"06085506801",101173,86990.1
"1218","085",117204,"06085506802",101173,86990.1
"1219","085",125417,"06085506803",101173,86990.1
"1220","085",164091,"06085506804",101173,86990.1
"1221","085",130221,"06085506900",101173,86990.1
"1222","085",152875,"06085507001",101173,86990.1
"1223","085",237656,"06085507002",101173,86990.1
"1224","085",87500,"06085507100",101173,86990.1
"1225","085",147000,"06085507203",101173,86990.1
"1226","085",149531,"06085507205",101173,86990.1
"1227","085",203250,"06085507206",101173,86990.1
"1228","085",150893,"06085507301",101173,86990.1
"1229","085",171394,"06085507302",101173,86990.1
"1230","085",176552,"06085507401",101173,86990.1
"1231","085",136644,"06085507402",101173,86990.1
"1232","085",153472,"06085507500",101173,86990.1
"1233","085",214375,"06085507600",101173,86990.1
"1234","085",177045,"06085507701",101173,86990.1
"1235","085",194318,"06085507702",101173,86990.1
"1236","085",152688,"06085507703",101173,86990.1
"1237","085",125579,"06085507805",101173,86990.1
"1238","085",145213,"06085507806",101173,86990.1
"1239","085",169000,"06085507807",101173,86990.1
"1240","085",174917,"06085507808",101173,86990.1
"1241","085",147000,"06085507903",101173,86990.1
"1242","085",185192,"06085507904",101173,86990.1
"1243","085",130047,"06085507905",101173,86990.1
"1244","085",154432,"06085507906",101173,86990.1
"1245","085",122813,"06085508001",101173,86990.1
"1246","085",121875,"06085508003",101173,86990.1
"1247","085",120315,"06085508004",101173,86990.1
"1248","085",170295,"06085508101",101173,86990.1
"1249","085",144226,"06085508102",101173,86990.1
"1250","085",129103,"06085508202",101173,86990.1
"1251","085",168427,"06085508203",101173,86990.1
"1252","085",144904,"06085508204",101173,86990.1
"1253","085",173359,"06085508301",101173,86990.1
"1254","085",161250,"06085508303",101173,86990.1
"1255","085",90647,"06085508304",101173,86990.1
"1256","085",161111,"06085508401",101173,86990.1
"1257","085",157321,"06085508403",101173,86990.1
"1258","085",127328,"06085508404",101173,86990.1
"1259","085",112411,"06085508503",101173,86990.1
"1260","085",102157,"06085508504",101173,86990.1
"1261","085",134375,"06085508505",101173,86990.1
"1262","085",96648,"06085508507",101173,86990.1
"1263","085",82181,"06085508508",101173,86990.1
"1264","085",124567,"06085508601",101173,86990.1
"1265","085",111038,"06085508602",101173,86990.1
"1266","085",114087,"06085508703",101173,86990.1
"1267","085",104886,"06085508704",101173,86990.1
"1268","085",117273,"06085508800",101173,86990.1
"1269","085",82652,"06085508900",101173,86990.1
"1270","085",78138,"06085509000",101173,86990.1
"1271","085",126094,"06085509102",101173,86990.1
"1272","085",107724,"06085509105",101173,86990.1
"1273","085",98375,"06085509106",101173,86990.1
"1274","085",104167,"06085509107",101173,86990.1
"1275","085",87153,"06085509108",101173,86990.1
"1276","085",146037,"06085509109",101173,86990.1
"1277","085",104375,"06085509201",101173,86990.1
"1278","085",114696,"06085509202",101173,86990.1
"1279","085",121071,"06085509302",101173,86990.1
"1280","085",62152,"06085509303",101173,86990.1
"1281","085",112863,"06085509304",101173,86990.1
"1282","085",90825,"06085509401",101173,86990.1
"1283","085",84091,"06085509403",101173,86990.1
"1284","085",110552,"06085509404",101173,86990.1
"1285","085",86228,"06085509500",101173,86990.1
"1286","085",131375,"06085509600",101173,86990.1
"1287","085",114500,"06085509700",101173,86990.1
"1288","085",134000,"06085509801",101173,86990.1
"1289","085",164813,"06085509802",101173,86990.1
"1290","085",182614,"06085509901",101173,86990.1
"1291","085",138594,"06085509902",101173,86990.1
"1292","085",178029,"06085510001",101173,86990.1
"1293","085",203906,"06085510002",101173,86990.1
"1294","085",153583,"06085510100",101173,86990.1
"1295","085",231333,"06085510200",101173,86990.1
"1296","085",184706,"06085510300",101173,86990.1
"1297","085",208239,"06085510400",101173,86990.1
"1298","085",160875,"06085510500",101173,86990.1
"1299","085",121292,"06085510600",101173,86990.1
"1300","085",108583,"06085510700",101173,86990.1
"1301","085",173313,"06085510801",101173,86990.1
"1302","085",175417,"06085510802",101173,86990.1
"1303","085",118194,"06085510803",101173,86990.1
"1304","085",122151,"06085510900",101173,86990.1
"1305","085",164911,"06085511000",101173,86990.1
"1306","085",205938,"06085511100",101173,86990.1
"1307","085",240156,"06085511200",101173,86990.1
"1308","085",99219,"06085511301",101173,86990.1
"1309","085",81029,"06085511302",101173,86990.1
"1310","085",191528,"06085511400",101173,86990.1
"1311","085",148750,"06085511500",101173,86990.1
"1312","085",35078,"06085511608",101173,86990.1
"1313","085",100977,"06085511609",101173,86990.1
"1314","085",248750,"06085511701",101173,86990.1
"1315","085",213229,"06085511702",101173,86990.1
"1316","085",225905,"06085511704",101173,86990.1
"1317","085",188750,"06085511705",101173,86990.1
"1318","085",134844,"06085511707",101173,86990.1
"1319","085",134750,"06085511800",101173,86990.1
"1320","085",135972,"06085511905",101173,86990.1
"1321","085",141161,"06085511907",101173,86990.1
"1322","085",201731,"06085511909",101173,86990.1
"1323","085",198068,"06085511910",101173,86990.1
"1324","085",119402,"06085511911",101173,86990.1
"1325","085",163846,"06085511912",101173,86990.1
"1326","085",164375,"06085511913",101173,86990.1
"1327","085",138676,"06085511914",101173,86990.1
"1328","085",50781,"06085511915",101173,86990.1
"1329","085",116250,"06085511916",101173,86990.1
"1330","085",154322,"06085512001",101173,86990.1
"1331","085",114669,"06085512005",101173,86990.1
"1332","085",78792,"06085512017",101173,86990.1
"1333","085",102595,"06085512019",101173,86990.1
"1334","085",85123,"06085512020",101173,86990.1
"1335","085",91189,"06085512021",101173,86990.1
"1336","085",64231,"06085512022",101173,86990.1
"1337","085",78100,"06085512023",101173,86990.1
"1338","085",90795,"06085512024",101173,86990.1
"1339","085",105491,"06085512025",101173,86990.1
"1340","085",82692,"06085512026",101173,86990.1
"1341","085",77455,"06085512027",101173,86990.1
"1342","085",116699,"06085512029",101173,86990.1
"1343","085",135078,"06085512030",101173,86990.1
"1344","085",118618,"06085512031",101173,86990.1
"1345","085",112159,"06085512032",101173,86990.1
"1346","085",117386,"06085512033",101173,86990.1
"1347","085",117841,"06085512034",101173,86990.1
"1348","085",120482,"06085512035",101173,86990.1
"1349","085",102200,"06085512036",101173,86990.1
"1350","085",119886,"06085512037",101173,86990.1
"1351","085",89297,"06085512038",101173,86990.1
"1352","085",106217,"06085512039",101173,86990.1
"1353","085",68500,"06085512042",101173,86990.1
"1354","085",51000,"06085512043",101173,86990.1
"1355","085",108289,"06085512045",101173,86990.1
"1356","085",114242,"06085512047",101173,86990.1
"1357","085",91667,"06085512052",101173,86990.1
"1358","085",85495,"06085512053",101173,86990.1
"1359","085",87604,"06085512100",101173,86990.1
"1360","085",132582,"06085512200",101173,86990.1
"1361","085",116250,"06085512305",101173,86990.1
"1362","085",100583,"06085512307",101173,86990.1
"1363","085",140500,"06085512308",101173,86990.1
"1364","085",112917,"06085512309",101173,86990.1
"1365","085",55951,"06085512310",101173,86990.1
"1366","085",93047,"06085512311",101173,86990.1
"1367","085",108681,"06085512312",101173,86990.1
"1368","085",76132,"06085512313",101173,86990.1
"1369","085",68000,"06085512314",101173,86990.1
"1370","085",115259,"06085512401",101173,86990.1
"1371","085",105882,"06085512402",101173,86990.1
"1372","085",138891,"06085512503",101173,86990.1
"1373","085",87227,"06085512505",101173,86990.1
"1374","085",56596,"06085512506",101173,86990.1
"1375","085",77727,"06085512508",101173,86990.1
"1376","085",81328,"06085512509",101173,86990.1
"1377","085",85225,"06085512510",101173,86990.1
"1378","085",85750,"06085512602",101173,86990.1
"1379","085",44455,"06085512603",101173,86990.1
"1380","085",37234,"06085512604",101173,86990.1
"1381","085",35287,"06085513000",101173,86990.1
"1382","085",101111,"06085513500",101173,86990.1
"1383","095",65668,"06095250103",69227,86990.1
"1384","095",81389,"06095250104",69227,86990.1
"1385","095",87950,"06095250105",69227,86990.1
"1386","095",149479,"06095250106",69227,86990.1
"1387","095",47941,"06095250200",69227,86990.1
"1388","095",48913,"06095250300",69227,86990.1
"1389","095",45705,"06095250400",69227,86990.1
"1390","095",56250,"06095250501",69227,86990.1
"1391","095",62733,"06095250502",69227,86990.1
"1392","095",61029,"06095250601",69227,86990.1
"1393","095",84734,"06095250604",69227,86990.1
"1394","095",88188,"06095250605",69227,86990.1
"1395","095",40500,"06095250701",69227,86990.1
"1396","095",52054,"06095250801",69227,86990.1
"1397","095",20039,"06095250900",69227,86990.1
"1398","095",47841,"06095251000",69227,86990.1
"1399","095",45072,"06095251100",69227,86990.1
"1400","095",42794,"06095251200",69227,86990.1
"1401","095",74063,"06095251300",69227,86990.1
"1402","095",61583,"06095251400",69227,86990.1
"1403","095",36193,"06095251500",69227,86990.1
"1404","095",31161,"06095251600",69227,86990.1
"1405","095",40476,"06095251701",69227,86990.1
"1406","095",70575,"06095251702",69227,86990.1
"1407","095",17601,"06095251802",69227,86990.1
"1408","095",71611,"06095251803",69227,86990.1
"1409","095",73587,"06095251804",69227,86990.1
"1410","095",41830,"06095251901",69227,86990.1
"1411","095",56233,"06095251902",69227,86990.1
"1412","095",79539,"06095251903",69227,86990.1
"1413","095",62361,"06095252000",69227,86990.1
"1414","095",64661,"06095252102",69227,86990.1
"1415","095",71214,"06095252103",69227,86990.1
"1416","095",140405,"06095252104",69227,86990.1
"1417","095",89310,"06095252105",69227,86990.1
"1418","095",93936,"06095252106",69227,86990.1
"1419","095",84239,"06095252107",69227,86990.1
"1420","095",75662,"06095252108",69227,86990.1
"1421","095",118150,"06095252201",69227,86990.1
"1422","095",102083,"06095252202",69227,86990.1
"1423","095",98056,"06095252305",69227,86990.1
"1424","095",88162,"06095252306",69227,86990.1
"1425","095",115221,"06095252310",69227,86990.1
"1426","095",109821,"06095252311",69227,86990.1
"1427","095",65495,"06095252312",69227,86990.1
"1428","095",86595,"06095252313",69227,86990.1
"1429","095",65288,"06095252314",69227,86990.1
"1430","095",96532,"06095252315",69227,86990.1
"1431","095",85833,"06095252316",69227,86990.1
"1432","095",112149,"06095252317",69227,86990.1
"1433","095",57361,"06095252401",69227,86990.1
"1434","095",47298,"06095252402",69227,86990.1
"1435","095",40033,"06095252501",69227,86990.1
"1436","095",35200,"06095252502",69227,86990.1
"1437","095",34909,"06095252604",69227,86990.1
"1438","095",36750,"06095252605",69227,86990.1
"1439","095",43304,"06095252606",69227,86990.1
"1440","095",34787,"06095252607",69227,86990.1
"1441","095",49722,"06095252608",69227,86990.1
"1442","095",65179,"06095252610",69227,86990.1
"1443","095",41563,"06095252611",69227,86990.1
"1444","095",73776,"06095252702",69227,86990.1
"1445","095",66944,"06095252703",69227,86990.1
"1446","095",57992,"06095252704",69227,86990.1
"1447","095",73987,"06095252705",69227,86990.1
"1448","095",86654,"06095252706",69227,86990.1
"1449","095",48299,"06095252707",69227,86990.1
"1450","095",55682,"06095252801",69227,86990.1
"1451","095",55000,"06095252802",69227,86990.1
"1452","095",108625,"06095252903",69227,86990.1
"1453","095",95580,"06095252904",69227,86990.1
"1454","095",72839,"06095252908",69227,86990.1
"1455","095",92188,"06095252909",69227,86990.1
"1456","095",88539,"06095252910",69227,86990.1
"1457","095",46364,"06095252911",69227,86990.1
"1458","095",108056,"06095252912",69227,86990.1
"1459","095",84731,"06095252913",69227,86990.1
"1460","095",86653,"06095252914",69227,86990.1
"1461","095",122743,"06095252915",69227,86990.1
"1462","095",57372,"06095253101",69227,86990.1
"1463","095",48955,"06095253105",69227,86990.1
"1464","095",72532,"06095253106",69227,86990.1
"1465","095",53193,"06095253107",69227,86990.1
"1466","095",70533,"06095253108",69227,86990.1
"1467","095",100692,"06095253201",69227,86990.1
"1468","095",68011,"06095253203",69227,86990.1
"1469","095",67101,"06095253204",69227,86990.1
"1470","095",68833,"06095253205",69227,86990.1
"1471","095",104141,"06095253206",69227,86990.1
"1472","095",84476,"06095253300",69227,86990.1
"1473","095",63731,"06095253402",69227,86990.1
"1474","095",88384,"06095253403",69227,86990.1
"1475","095",66929,"06095253404",69227,86990.1
"1476","095",52903,"06095253500",69227,86990.1
"1477","097",98603,"06097150100",66833,86990.1
"1478","097",78971,"06097150202",66833,86990.1
"1479","097",55801,"06097150203",66833,86990.1
"1480","097",75186,"06097150204",66833,86990.1
"1481","097",69745,"06097150303",66833,86990.1
"1482","097",83676,"06097150304",66833,86990.1
"1483","097",50997,"06097150305",66833,86990.1
"1484","097",59779,"06097150306",66833,86990.1
"1485","097",72049,"06097150500",66833,86990.1
"1486","097",83056,"06097150601",66833,86990.1
"1487","097",82910,"06097150602",66833,86990.1
"1488","097",65580,"06097150603",66833,86990.1
"1489","097",110147,"06097150607",66833,86990.1
"1490","097",56304,"06097150609",66833,86990.1
"1491","097",92917,"06097150610",66833,86990.1
"1492","097",86929,"06097150611",66833,86990.1
"1493","097",105035,"06097150612",66833,86990.1
"1494","097",60461,"06097150701",66833,86990.1
"1495","097",101964,"06097150702",66833,86990.1
"1496","097",78864,"06097150800",66833,86990.1
"1497","097",60000,"06097150901",66833,86990.1
"1498","097",82527,"06097150902",66833,86990.1
"1499","097",75461,"06097151000",66833,86990.1
"1500","097",75923,"06097151100",66833,86990.1
"1501","097",49554,"06097151201",66833,86990.1
"1502","097",71706,"06097151203",66833,86990.1
"1503","097",60321,"06097151204",66833,86990.1
"1504","097",58852,"06097151301",66833,86990.1
"1505","097",43867,"06097151305",66833,86990.1
"1506","097",54836,"06097151306",66833,86990.1
"1507","097",84557,"06097151307",66833,86990.1
"1508","097",55385,"06097151308",66833,86990.1
"1509","097",83772,"06097151309",66833,86990.1
"1510","097",63778,"06097151310",66833,86990.1
"1511","097",67273,"06097151311",66833,86990.1
"1512","097",66875,"06097151401",66833,86990.1
"1513","097",46102,"06097151402",66833,86990.1
"1514","097",64967,"06097151502",66833,86990.1
"1515","097",125762,"06097151503",66833,86990.1
"1516","097",92292,"06097151504",66833,86990.1
"1517","097",64643,"06097151601",66833,86990.1
"1518","097",66031,"06097151602",66833,86990.1
"1519","097",64441,"06097151700",66833,86990.1
"1520","097",66900,"06097151800",66833,86990.1
"1521","097",41500,"06097151900",66833,86990.1
"1522","097",41974,"06097152000",66833,86990.1
"1523","097",60398,"06097152100",66833,86990.1
"1524","097",56138,"06097152201",66833,86990.1
"1525","097",53098,"06097152202",66833,86990.1
"1526","097",50000,"06097152203",66833,86990.1
"1527","097",88438,"06097152300",66833,86990.1
"1528","097",105604,"06097152400",66833,86990.1
"1529","097",67994,"06097152501",66833,86990.1
"1530","097",51716,"06097152502",66833,86990.1
"1531","097",101431,"06097152600",66833,86990.1
"1532","097",62385,"06097152701",66833,86990.1
"1533","097",67891,"06097152702",66833,86990.1
"1534","097",87517,"06097152801",66833,86990.1
"1535","097",45155,"06097152802",66833,86990.1
"1536","097",54306,"06097152903",66833,86990.1
"1537","097",71589,"06097152904",66833,86990.1
"1538","097",63288,"06097152905",66833,86990.1
"1539","097",85680,"06097152906",66833,86990.1
"1540","097",47321,"06097153001",66833,86990.1
"1541","097",54985,"06097153002",66833,86990.1
"1542","097",54031,"06097153003",66833,86990.1
"1543","097",77717,"06097153005",66833,86990.1
"1544","097",58413,"06097153006",66833,86990.1
"1545","097",49886,"06097153102",66833,86990.1
"1546","097",53939,"06097153103",66833,86990.1
"1547","097",44205,"06097153104",66833,86990.1
"1548","097",60830,"06097153200",66833,86990.1
"1549","097",65067,"06097153300",66833,86990.1
"1550","097",68210,"06097153401",66833,86990.1
"1551","097",65909,"06097153403",66833,86990.1
"1552","097",72440,"06097153404",66833,86990.1
"1553","097",79597,"06097153501",66833,86990.1
"1554","097",85911,"06097153502",66833,86990.1
"1555","097",62616,"06097153600",66833,86990.1
"1556","097",49211,"06097153703",66833,86990.1
"1557","097",44639,"06097153704",66833,86990.1
"1558","097",49217,"06097153705",66833,86990.1
"1559","097",67372,"06097153706",66833,86990.1
"1560","097",86425,"06097153801",66833,86990.1
"1561","097",92625,"06097153804",66833,86990.1
"1562","097",81333,"06097153806",66833,86990.1
"1563","097",111786,"06097153807",66833,86990.1
"1564","097",62083,"06097153808",66833,86990.1
"1565","097",78792,"06097153809",66833,86990.1
"1566","097",73684,"06097153901",66833,86990.1
"1567","097",56691,"06097153902",66833,86990.1
"1568","097",79847,"06097153903",66833,86990.1
"1569","097",75552,"06097154000",66833,86990.1
"1570","097",71000,"06097154100",66833,86990.1
"1571","097",51836,"06097154201",66833,86990.1
"1572","097",65944,"06097154202",66833,86990.1
"1573","097",69063,"06097154302",66833,86990.1
"1574","097",74333,"06097154303",66833,86990.1
"1575","097",58587,"06097154304",66833,86990.1
