"","county","RTract","FIPS","RCounty","RentBayArea"
"1","001",128,"06001400100",267659,1985.64
"2","001",282,"06001400200",267659,1985.64
"3","001",1303,"06001400300",267659,1985.64
"4","001",1090,"06001400400",267659,1985.64
"5","001",1034,"06001400500",267659,1985.64
"6","001",394,"06001400600",267659,1985.64
"7","001",1143,"06001400700",267659,1985.64
"8","001",1008,"06001400800",267659,1985.64
"9","001",720,"06001400900",267659,1985.64
"10","001",1826,"06001401000",267659,1985.64
"11","001",1500,"06001401100",267659,1985.64
"12","001",794,"06001401200",267659,1985.64
"13","001",1476,"06001401300",267659,1985.64
"14","001",1317,"06001401400",267659,1985.64
"15","001",655,"06001401500",267659,1985.64
"16","001",611,"06001401600",267659,1985.64
"17","001",626,"06001401700",267659,1985.64
"18","001",563,"06001401800",267659,1985.64
"19","001",539,"06001402200",267659,1985.64
"20","001",958,"06001402400",267659,1985.64
"21","001",602,"06001402500",267659,1985.64
"22","001",553,"06001402600",267659,1985.64
"23","001",599,"06001402700",267659,1985.64
"24","001",2165,"06001402800",267659,1985.64
"25","001",848,"06001402900",267659,1985.64
"26","001",1261,"06001403000",267659,1985.64
"27","001",516,"06001403100",267659,1985.64
"28","001",1672,"06001403300",267659,1985.64
"29","001",2470,"06001403400",267659,1985.64
"30","001",2255,"06001403501",267659,1985.64
"31","001",903,"06001403502",267659,1985.64
"32","001",2140,"06001403600",267659,1985.64
"33","001",1472,"06001403701",267659,1985.64
"34","001",847,"06001403702",267659,1985.64
"35","001",1221,"06001403800",267659,1985.64
"36","001",1472,"06001403900",267659,1985.64
"37","001",1161,"06001404000",267659,1985.64
"38","001",1018,"06001404101",267659,1985.64
"39","001",1261,"06001404102",267659,1985.64
"40","001",283,"06001404200",267659,1985.64
"41","001",228,"06001404300",267659,1985.64
"42","001",338,"06001404400",267659,1985.64
"43","001",94,"06001404501",267659,1985.64
"44","001",282,"06001404502",267659,1985.64
"45","001",140,"06001404600",267659,1985.64
"46","001",74,"06001404700",267659,1985.64
"47","001",643,"06001404800",267659,1985.64
"48","001",749,"06001404900",267659,1985.64
"49","001",553,"06001405000",267659,1985.64
"50","001",150,"06001405100",267659,1985.64
"51","001",1767,"06001405200",267659,1985.64
"52","001",1349,"06001405301",267659,1985.64
"53","001",1426,"06001405302",267659,1985.64
"54","001",1448,"06001405401",267659,1985.64
"55","001",1024,"06001405402",267659,1985.64
"56","001",1311,"06001405500",267659,1985.64
"57","001",948,"06001405600",267659,1985.64
"58","001",1042,"06001405700",267659,1985.64
"59","001",843,"06001405800",267659,1985.64
"60","001",715,"06001405901",267659,1985.64
"61","001",678,"06001405902",267659,1985.64
"62","001",1289,"06001406000",267659,1985.64
"63","001",1033,"06001406100",267659,1985.64
"64","001",1091,"06001406201",267659,1985.64
"65","001",1163,"06001406202",267659,1985.64
"66","001",774,"06001406300",267659,1985.64
"67","001",436,"06001406400",267659,1985.64
"68","001",1430,"06001406500",267659,1985.64
"69","001",885,"06001406601",267659,1985.64
"70","001",662,"06001406602",267659,1985.64
"71","001",829,"06001406700",267659,1985.64
"72","001",449,"06001406800",267659,1985.64
"73","001",757,"06001406900",267659,1985.64
"74","001",1084,"06001407000",267659,1985.64
"75","001",661,"06001407101",267659,1985.64
"76","001",677,"06001407102",267659,1985.64
"77","001",1426,"06001407200",267659,1985.64
"78","001",530,"06001407300",267659,1985.64
"79","001",826,"06001407400",267659,1985.64
"80","001",924,"06001407500",267659,1985.64
"81","001",996,"06001407600",267659,1985.64
"82","001",505,"06001407700",267659,1985.64
"83","001",253,"06001407800",267659,1985.64
"84","001",268,"06001407900",267659,1985.64
"85","001",137,"06001408000",267659,1985.64
"86","001",490,"06001408100",267659,1985.64
"87","001",1005,"06001408200",267659,1985.64
"88","001",660,"06001408300",267659,1985.64
"89","001",666,"06001408400",267659,1985.64
"90","001",1098,"06001408500",267659,1985.64
"91","001",1120,"06001408600",267659,1985.64
"92","001",1543,"06001408700",267659,1985.64
"93","001",1607,"06001408800",267659,1985.64
"94","001",664,"06001408900",267659,1985.64
"95","001",533,"06001409000",267659,1985.64
"96","001",240,"06001409100",267659,1985.64
"97","001",463,"06001409200",267659,1985.64
"98","001",876,"06001409300",267659,1985.64
"99","001",772,"06001409400",267659,1985.64
"100","001",808,"06001409500",267659,1985.64
"101","001",891,"06001409600",267659,1985.64
"102","001",972,"06001409700",267659,1985.64
"103","001",604,"06001409800",267659,1985.64
"104","001",182,"06001409900",267659,1985.64
"105","001",69,"06001410000",267659,1985.64
"106","001",427,"06001410100",267659,1985.64
"107","001",655,"06001410200",267659,1985.64
"108","001",622,"06001410300",267659,1985.64
"109","001",516,"06001410400",267659,1985.64
"110","001",875,"06001410500",267659,1985.64
"111","001",306,"06001420100",267659,1985.64
"112","001",721,"06001420200",267659,1985.64
"113","001",994,"06001420300",267659,1985.64
"114","001",1177,"06001420400",267659,1985.64
"115","001",480,"06001420500",267659,1985.64
"116","001",283,"06001420600",267659,1985.64
"117","001",67,"06001421100",267659,1985.64
"118","001",212,"06001421200",267659,1985.64
"119","001",398,"06001421300",267659,1985.64
"120","001",103,"06001421400",267659,1985.64
"121","001",270,"06001421500",267659,1985.64
"122","001",380,"06001421600",267659,1985.64
"123","001",997,"06001421700",267659,1985.64
"124","001",300,"06001421800",267659,1985.64
"125","001",581,"06001421900",267659,1985.64
"126","001",702,"06001422000",267659,1985.64
"127","001",523,"06001422100",267659,1985.64
"128","001",957,"06001422200",267659,1985.64
"129","001",1215,"06001422300",267659,1985.64
"130","001",1866,"06001422400",267659,1985.64
"131","001",1171,"06001422500",267659,1985.64
"132","001",878,"06001422700",267659,1985.64
"133","001",1356,"06001422800",267659,1985.64
"134","001",1913,"06001422900",267659,1985.64
"135","001",1104,"06001423000",267659,1985.64
"136","001",1317,"06001423100",267659,1985.64
"137","001",770,"06001423200",267659,1985.64
"138","001",798,"06001423300",267659,1985.64
"139","001",1092,"06001423400",267659,1985.64
"140","001",1060,"06001423500",267659,1985.64
"141","001",650,"06001423601",267659,1985.64
"142","001",1963,"06001423602",267659,1985.64
"143","001",775,"06001423700",267659,1985.64
"144","001",281,"06001423800",267659,1985.64
"145","001",531,"06001423901",267659,1985.64
"146","001",495,"06001423902",267659,1985.64
"147","001",1112,"06001424001",267659,1985.64
"148","001",530,"06001424002",267659,1985.64
"149","001",597,"06001425101",267659,1985.64
"150","001",1221,"06001425102",267659,1985.64
"151","001",851,"06001425103",267659,1985.64
"152","001",1304,"06001425104",267659,1985.64
"153","001",182,"06001426100",267659,1985.64
"154","001",266,"06001426200",267659,1985.64
"155","001",362,"06001427100",267659,1985.64
"156","001",993,"06001427200",267659,1985.64
"157","001",974,"06001427300",267659,1985.64
"158","001",1543,"06001427600",267659,1985.64
"159","001",1474,"06001427700",267659,1985.64
"160","001",1190,"06001427800",267659,1985.64
"161","001",1524,"06001427900",267659,1985.64
"162","001",1173,"06001428000",267659,1985.64
"163","001",914,"06001428100",267659,1985.64
"164","001",1168,"06001428200",267659,1985.64
"165","001",566,"06001428301",267659,1985.64
"166","001",584,"06001428302",267659,1985.64
"167","001",1360,"06001428400",267659,1985.64
"168","001",924,"06001428500",267659,1985.64
"169","001",735,"06001428600",267659,1985.64
"170","001",849,"06001428700",267659,1985.64
"171","001",288,"06001430101",267659,1985.64
"172","001",143,"06001430102",267659,1985.64
"173","001",135,"06001430200",267659,1985.64
"174","001",241,"06001430300",267659,1985.64
"175","001",73,"06001430400",267659,1985.64
"176","001",767,"06001430500",267659,1985.64
"177","001",437,"06001430600",267659,1985.64
"178","001",313,"06001430700",267659,1985.64
"179","001",971,"06001430800",267659,1985.64
"180","001",1418,"06001430900",267659,1985.64
"181","001",698,"06001431000",267659,1985.64
"182","001",1069,"06001431100",267659,1985.64
"183","001",1165,"06001431200",267659,1985.64
"184","001",412,"06001432100",267659,1985.64
"185","001",965,"06001432200",267659,1985.64
"186","001",646,"06001432300",267659,1985.64
"187","001",1100,"06001432400",267659,1985.64
"188","001",716,"06001432501",267659,1985.64
"189","001",719,"06001432502",267659,1985.64
"190","001",2141,"06001432600",267659,1985.64
"191","001",335,"06001432700",267659,1985.64
"192","001",222,"06001432800",267659,1985.64
"193","001",440,"06001433000",267659,1985.64
"194","001",401,"06001433102",267659,1985.64
"195","001",1249,"06001433103",267659,1985.64
"196","001",1294,"06001433104",267659,1985.64
"197","001",1749,"06001433200",267659,1985.64
"198","001",513,"06001433300",267659,1985.64
"199","001",520,"06001433400",267659,1985.64
"200","001",227,"06001433500",267659,1985.64
"201","001",1092,"06001433600",267659,1985.64
"202","001",661,"06001433700",267659,1985.64
"203","001",1521,"06001433800",267659,1985.64
"204","001",2032,"06001433900",267659,1985.64
"205","001",1226,"06001434000",267659,1985.64
"206","001",417,"06001435102",267659,1985.64
"207","001",150,"06001435103",267659,1985.64
"208","001",1625,"06001435104",267659,1985.64
"209","001",275,"06001435200",267659,1985.64
"210","001",909,"06001435300",267659,1985.64
"211","001",1321,"06001435400",267659,1985.64
"212","001",981,"06001435500",267659,1985.64
"213","001",1224,"06001435601",267659,1985.64
"214","001",1027,"06001435602",267659,1985.64
"215","001",426,"06001435700",267659,1985.64
"216","001",374,"06001435800",267659,1985.64
"217","001",379,"06001435900",267659,1985.64
"218","001",288,"06001436000",267659,1985.64
"219","001",778,"06001436100",267659,1985.64
"220","001",1073,"06001436200",267659,1985.64
"221","001",1524,"06001436300",267659,1985.64
"222","001",1636,"06001436401",267659,1985.64
"223","001",112,"06001436402",267659,1985.64
"224","001",1293,"06001436500",267659,1985.64
"225","001",1195,"06001436601",267659,1985.64
"226","001",1339,"06001436602",267659,1985.64
"227","001",467,"06001436700",267659,1985.64
"228","001",723,"06001436800",267659,1985.64
"229","001",1023,"06001436900",267659,1985.64
"230","001",259,"06001437000",267659,1985.64
"231","001",258,"06001437101",267659,1985.64
"232","001",665,"06001437102",267659,1985.64
"233","001",900,"06001437200",267659,1985.64
"234","001",404,"06001437300",267659,1985.64
"235","001",211,"06001437400",267659,1985.64
"236","001",948,"06001437500",267659,1985.64
"237","001",417,"06001437600",267659,1985.64
"238","001",808,"06001437701",267659,1985.64
"239","001",1010,"06001437702",267659,1985.64
"240","001",391,"06001437800",267659,1985.64
"241","001",365,"06001437900",267659,1985.64
"242","001",373,"06001438000",267659,1985.64
"243","001",537,"06001438100",267659,1985.64
"244","001",289,"06001438201",267659,1985.64
"245","001",348,"06001438203",267659,1985.64
"246","001",364,"06001438204",267659,1985.64
"247","001",293,"06001438300",267659,1985.64
"248","001",114,"06001438400",267659,1985.64
"249","001",518,"06001440100",267659,1985.64
"250","001",814,"06001440200",267659,1985.64
"251","001",528,"06001440301",267659,1985.64
"252","001",412,"06001440304",267659,1985.64
"253","001",178,"06001440305",267659,1985.64
"254","001",433,"06001440306",267659,1985.64
"255","001",375,"06001440307",267659,1985.64
"256","001",902,"06001440308",267659,1985.64
"257","001",476,"06001440331",267659,1985.64
"258","001",108,"06001440332",267659,1985.64
"259","001",131,"06001440333",267659,1985.64
"260","001",192,"06001440334",267659,1985.64
"261","001",963,"06001440335",267659,1985.64
"262","001",659,"06001440336",267659,1985.64
"263","001",377,"06001441100",267659,1985.64
"264","001",972,"06001441200",267659,1985.64
"265","001",635,"06001441301",267659,1985.64
"266","001",537,"06001441302",267659,1985.64
"267","001",762,"06001441401",267659,1985.64
"268","001",396,"06001441402",267659,1985.64
"269","001",255,"06001441501",267659,1985.64
"270","001",505,"06001441503",267659,1985.64
"271","001",412,"06001441521",267659,1985.64
"272","001",321,"06001441522",267659,1985.64
"273","001",748,"06001441523",267659,1985.64
"274","001",495,"06001441524",267659,1985.64
"275","001",201,"06001441601",267659,1985.64
"276","001",1099,"06001441602",267659,1985.64
"277","001",1187,"06001441700",267659,1985.64
"278","001",973,"06001441800",267659,1985.64
"279","001",813,"06001441921",267659,1985.64
"280","001",2235,"06001441923",267659,1985.64
"281","001",1041,"06001441924",267659,1985.64
"282","001",2320,"06001441925",267659,1985.64
"283","001",1184,"06001441926",267659,1985.64
"284","001",1380,"06001441927",267659,1985.64
"285","001",76,"06001442000",267659,1985.64
"286","001",188,"06001442100",267659,1985.64
"287","001",287,"06001442200",267659,1985.64
"288","001",705,"06001442301",267659,1985.64
"289","001",1385,"06001442302",267659,1985.64
"290","001",648,"06001442400",267659,1985.64
"291","001",952,"06001442500",267659,1985.64
"292","001",352,"06001442601",267659,1985.64
"293","001",719,"06001442602",267659,1985.64
"294","001",330,"06001442700",267659,1985.64
"295","001",229,"06001442800",267659,1985.64
"296","001",749,"06001442900",267659,1985.64
"297","001",274,"06001443001",267659,1985.64
"298","001",564,"06001443002",267659,1985.64
"299","001",180,"06001443102",267659,1985.64
"300","001",95,"06001443103",267659,1985.64
"301","001",565,"06001443104",267659,1985.64
"302","001",89,"06001443105",267659,1985.64
"303","001",62,"06001443200",267659,1985.64
"304","001",174,"06001443301",267659,1985.64
"305","001",668,"06001443321",267659,1985.64
"306","001",123,"06001443322",267659,1985.64
"307","001",381,"06001444100",267659,1985.64
"308","001",372,"06001444200",267659,1985.64
"309","001",291,"06001444301",267659,1985.64
"310","001",507,"06001444302",267659,1985.64
"311","001",645,"06001444400",267659,1985.64
"312","001",1209,"06001444500",267659,1985.64
"313","001",225,"06001444601",267659,1985.64
"314","001",437,"06001444602",267659,1985.64
"315","001",1227,"06001450101",267659,1985.64
"316","001",531,"06001450102",267659,1985.64
"317","001",1603,"06001450200",267659,1985.64
"318","001",486,"06001450300",267659,1985.64
"319","001",439,"06001450400",267659,1985.64
"320","001",378,"06001450501",267659,1985.64
"321","001",209,"06001450502",267659,1985.64
"322","001",180,"06001450601",267659,1985.64
"323","001",970,"06001450602",267659,1985.64
"324","001",293,"06001450603",267659,1985.64
"325","001",426,"06001450604",267659,1985.64
"326","001",310,"06001450605",267659,1985.64
"327","001",304,"06001450606",267659,1985.64
"328","001",1441,"06001450607",267659,1985.64
"329","001",508,"06001450701",267659,1985.64
"330","001",761,"06001450741",267659,1985.64
"331","001",379,"06001450742",267659,1985.64
"332","001",1387,"06001450743",267659,1985.64
"333","001",487,"06001450744",267659,1985.64
"334","001",664,"06001450745",267659,1985.64
"335","001",319,"06001450746",267659,1985.64
"336","001",1096,"06001450750",267659,1985.64
"337","001",261,"06001450751",267659,1985.64
"338","001",211,"06001450752",267659,1985.64
"339","001",403,"06001451101",267659,1985.64
"340","001",35,"06001451102",267659,1985.64
"341","001",769,"06001451201",267659,1985.64
"342","001",144,"06001451202",267659,1985.64
"343","001",521,"06001451300",267659,1985.64
"344","001",1005,"06001451401",267659,1985.64
"345","001",150,"06001451403",267659,1985.64
"346","001",1204,"06001451404",267659,1985.64
"347","001",632,"06001451501",267659,1985.64
"348","001",631,"06001451503",267659,1985.64
"349","001",189,"06001451504",267659,1985.64
"350","001",145,"06001451505",267659,1985.64
"351","001",607,"06001451506",267659,1985.64
"352","001",506,"06001451601",267659,1985.64
"353","001",1276,"06001451602",267659,1985.64
"354","001",256,"06001451701",267659,1985.64
"355","001",228,"06001451703",267659,1985.64
"356","001",582,"06001451704",267659,1985.64
"357","001",24,"06001981900",267659,1985.64
"358","001",7,"06001982000",267659,1985.64
"359","001",32,"06001983200",267659,1985.64
"360","013",344,"06013301000",137485,1985.64
"361","013",906,"06013302005",137485,1985.64
"362","013",257,"06013302006",137485,1985.64
"363","013",687,"06013302007",137485,1985.64
"364","013",649,"06013302008",137485,1985.64
"365","013",876,"06013302009",137485,1985.64
"366","013",385,"06013302010",137485,1985.64
"367","013",634,"06013303102",137485,1985.64
"368","013",1552,"06013303103",137485,1985.64
"369","013",1026,"06013303201",137485,1985.64
"370","013",575,"06013303202",137485,1985.64
"371","013",878,"06013303203",137485,1985.64
"372","013",463,"06013303204",137485,1985.64
"373","013",564,"06013303205",137485,1985.64
"374","013",310,"06013304001",137485,1985.64
"375","013",150,"06013304002",137485,1985.64
"376","013",345,"06013304003",137485,1985.64
"377","013",296,"06013304004",137485,1985.64
"378","013",538,"06013304005",137485,1985.64
"379","013",1715,"06013305000",137485,1985.64
"380","013",196,"06013306002",137485,1985.64
"381","013",735,"06013306003",137485,1985.64
"382","013",534,"06013306004",137485,1985.64
"383","013",484,"06013307101",137485,1985.64
"384","013",939,"06013307102",137485,1985.64
"385","013",527,"06013307201",137485,1985.64
"386","013",1310,"06013307202",137485,1985.64
"387","013",281,"06013307204",137485,1985.64
"388","013",1471,"06013307205",137485,1985.64
"389","013",760,"06013308001",137485,1985.64
"390","013",241,"06013308002",137485,1985.64
"391","013",592,"06013309000",137485,1985.64
"392","013",976,"06013310000",137485,1985.64
"393","013",715,"06013311000",137485,1985.64
"394","013",519,"06013312000",137485,1985.64
"395","013",1339,"06013313101",137485,1985.64
"396","013",670,"06013313102",137485,1985.64
"397","013",947,"06013313103",137485,1985.64
"398","013",275,"06013313203",137485,1985.64
"399","013",738,"06013313204",137485,1985.64
"400","013",119,"06013313205",137485,1985.64
"401","013",765,"06013313206",137485,1985.64
"402","013",507,"06013314102",137485,1985.64
"403","013",991,"06013314103",137485,1985.64
"404","013",1281,"06013314104",137485,1985.64
"405","013",653,"06013314200",137485,1985.64
"406","013",247,"06013315000",137485,1985.64
"407","013",411,"06013316000",137485,1985.64
"408","013",702,"06013317000",137485,1985.64
"409","013",703,"06013318000",137485,1985.64
"410","013",1229,"06013319000",137485,1985.64
"411","013",445,"06013320001",137485,1985.64
"412","013",145,"06013320003",137485,1985.64
"413","013",839,"06013320004",137485,1985.64
"414","013",949,"06013321101",137485,1985.64
"415","013",398,"06013321102",137485,1985.64
"416","013",240,"06013321103",137485,1985.64
"417","013",1313,"06013321200",137485,1985.64
"418","013",714,"06013322000",137485,1985.64
"419","013",368,"06013323000",137485,1985.64
"420","013",2444,"06013324001",137485,1985.64
"421","013",1558,"06013324002",137485,1985.64
"422","013",725,"06013325000",137485,1985.64
"423","013",278,"06013326000",137485,1985.64
"424","013",1085,"06013327000",137485,1985.64
"425","013",1375,"06013328000",137485,1985.64
"426","013",587,"06013329000",137485,1985.64
"427","013",571,"06013330000",137485,1985.64
"428","013",1190,"06013331000",137485,1985.64
"429","013",726,"06013332000",137485,1985.64
"430","013",521,"06013333101",137485,1985.64
"431","013",407,"06013333102",137485,1985.64
"432","013",716,"06013333200",137485,1985.64
"433","013",723,"06013334001",137485,1985.64
"434","013",1560,"06013334004",137485,1985.64
"435","013",292,"06013334006",137485,1985.64
"436","013",636,"06013334200",137485,1985.64
"437","013",445,"06013335000",137485,1985.64
"438","013",1294,"06013336101",137485,1985.64
"439","013",2351,"06013336102",137485,1985.64
"440","013",498,"06013336201",137485,1985.64
"441","013",1479,"06013336202",137485,1985.64
"442","013",277,"06013337100",137485,1985.64
"443","013",1465,"06013337200",137485,1985.64
"444","013",380,"06013337300",137485,1985.64
"445","013",833,"06013338101",137485,1985.64
"446","013",157,"06013338102",137485,1985.64
"447","013",198,"06013338201",137485,1985.64
"448","013",1598,"06013338203",137485,1985.64
"449","013",1228,"06013338204",137485,1985.64
"450","013",141,"06013338301",137485,1985.64
"451","013",291,"06013338302",137485,1985.64
"452","013",1721,"06013339001",137485,1985.64
"453","013",2752,"06013339002",137485,1985.64
"454","013",1037,"06013340001",137485,1985.64
"455","013",689,"06013340002",137485,1985.64
"456","013",784,"06013341000",137485,1985.64
"457","013",1134,"06013343001",137485,1985.64
"458","013",613,"06013343002",137485,1985.64
"459","013",242,"06013343003",137485,1985.64
"460","013",516,"06013345101",137485,1985.64
"461","013",142,"06013345102",137485,1985.64
"462","013",311,"06013345103",137485,1985.64
"463","013",429,"06013345105",137485,1985.64
"464","013",785,"06013345108",137485,1985.64
"465","013",840,"06013345111",137485,1985.64
"466","013",1047,"06013345112",137485,1985.64
"467","013",128,"06013345113",137485,1985.64
"468","013",251,"06013345114",137485,1985.64
"469","013",469,"06013345115",137485,1985.64
"470","013",143,"06013345116",137485,1985.64
"471","013",1358,"06013345202",137485,1985.64
"472","013",736,"06013345203",137485,1985.64
"473","013",83,"06013345204",137485,1985.64
"474","013",145,"06013346101",137485,1985.64
"475","013",171,"06013346102",137485,1985.64
"476","013",241,"06013346201",137485,1985.64
"477","013",74,"06013346203",137485,1985.64
"478","013",264,"06013346204",137485,1985.64
"479","013",346,"06013347000",137485,1985.64
"480","013",235,"06013348000",137485,1985.64
"481","013",873,"06013349000",137485,1985.64
"482","013",1173,"06013350000",137485,1985.64
"483","013",157,"06013351101",137485,1985.64
"484","013",323,"06013351102",137485,1985.64
"485","013",61,"06013351103",137485,1985.64
"486","013",95,"06013351200",137485,1985.64
"487","013",71,"06013352101",137485,1985.64
"488","013",127,"06013352102",137485,1985.64
"489","013",634,"06013352201",137485,1985.64
"490","013",221,"06013352202",137485,1985.64
"491","013",96,"06013353001",137485,1985.64
"492","013",139,"06013353002",137485,1985.64
"493","013",54,"06013354001",137485,1985.64
"494","013",507,"06013354002",137485,1985.64
"495","013",311,"06013355107",137485,1985.64
"496","013",963,"06013355108",137485,1985.64
"497","013",331,"06013355109",137485,1985.64
"498","013",363,"06013355110",137485,1985.64
"499","013",502,"06013355111",137485,1985.64
"500","013",193,"06013355112",137485,1985.64
"501","013",179,"06013355113",137485,1985.64
"502","013",601,"06013355114",137485,1985.64
"503","013",1441,"06013355115",137485,1985.64
"504","013",399,"06013355116",137485,1985.64
"505","013",255,"06013355117",137485,1985.64
"506","013",1147,"06013355200",137485,1985.64
"507","013",437,"06013355301",137485,1985.64
"508","013",110,"06013355302",137485,1985.64
"509","013",341,"06013355304",137485,1985.64
"510","013",196,"06013355306",137485,1985.64
"511","013",214,"06013356001",137485,1985.64
"512","013",338,"06013356002",137485,1985.64
"513","013",812,"06013357000",137485,1985.64
"514","013",1012,"06013358000",137485,1985.64
"515","013",628,"06013359102",137485,1985.64
"516","013",811,"06013359103",137485,1985.64
"517","013",255,"06013359104",137485,1985.64
"518","013",263,"06013359105",137485,1985.64
"519","013",418,"06013359202",137485,1985.64
"520","013",496,"06013359203",137485,1985.64
"521","013",203,"06013359204",137485,1985.64
"522","013",346,"06013360101",137485,1985.64
"523","013",193,"06013360102",137485,1985.64
"524","013",733,"06013360200",137485,1985.64
"525","013",702,"06013361000",137485,1985.64
"526","013",268,"06013362000",137485,1985.64
"527","013",882,"06013363000",137485,1985.64
"528","013",680,"06013364002",137485,1985.64
"529","013",1026,"06013365002",137485,1985.64
"530","013",1778,"06013365003",137485,1985.64
"531","013",545,"06013366001",137485,1985.64
"532","013",1079,"06013366002",137485,1985.64
"533","013",867,"06013367100",137485,1985.64
"534","013",965,"06013367200",137485,1985.64
"535","013",765,"06013368001",137485,1985.64
"536","013",586,"06013368002",137485,1985.64
"537","013",1764,"06013369001",137485,1985.64
"538","013",462,"06013369002",137485,1985.64
"539","013",345,"06013370000",137485,1985.64
"540","013",952,"06013371000",137485,1985.64
"541","013",745,"06013372000",137485,1985.64
"542","013",424,"06013373000",137485,1985.64
"543","013",1039,"06013374000",137485,1985.64
"544","013",746,"06013375000",137485,1985.64
"545","013",1223,"06013376000",137485,1985.64
"546","013",1437,"06013377000",137485,1985.64
"547","013",707,"06013378000",137485,1985.64
"548","013",1232,"06013379000",137485,1985.64
"549","013",1444,"06013380000",137485,1985.64
"550","013",1280,"06013381000",137485,1985.64
"551","013",1765,"06013382000",137485,1985.64
"552","013",847,"06013383000",137485,1985.64
"553","013",255,"06013384000",137485,1985.64
"554","013",125,"06013385100",137485,1985.64
"555","013",120,"06013385200",137485,1985.64
"556","013",1010,"06013386000",137485,1985.64
"557","013",556,"06013387000",137485,1985.64
"558","013",547,"06013388000",137485,1985.64
"559","013",521,"06013389100",137485,1985.64
"560","013",666,"06013389200",137485,1985.64
"561","013",142,"06013390100",137485,1985.64
"562","013",91,"06013390200",137485,1985.64
"563","013",207,"06013391000",137485,1985.64
"564","013",121,"06013392000",137485,1985.64
"565","013",1216,"06013392200",137485,1985.64
"566","013",198,"06013392300",137485,1985.64
"567","041",125,"06041101100",38200,1985.64
"568","041",161,"06041101200",38200,1985.64
"569","041",204,"06041102100",38200,1985.64
"570","041",519,"06041102202",38200,1985.64
"571","041",1409,"06041102203",38200,1985.64
"572","041",336,"06041103100",38200,1985.64
"573","041",976,"06041103200",38200,1985.64
"574","041",948,"06041104101",38200,1985.64
"575","041",1193,"06041104102",38200,1985.64
"576","041",874,"06041104200",38200,1985.64
"577","041",87,"06041104300",38200,1985.64
"578","041",867,"06041105000",38200,1985.64
"579","041",1234,"06041106001",38200,1985.64
"580","041",564,"06041106002",38200,1985.64
"581","041",388,"06041107000",38200,1985.64
"582","041",411,"06041108100",38200,1985.64
"583","041",1308,"06041108200",38200,1985.64
"584","041",982,"06041109001",38200,1985.64
"585","041",618,"06041109002",38200,1985.64
"586","041",929,"06041110100",38200,1985.64
"587","041",175,"06041110200",38200,1985.64
"588","041",1924,"06041111000",38200,1985.64
"589","041",885,"06041112100",38200,1985.64
"590","041",1566,"06041112201",38200,1985.64
"591","041",725,"06041112202",38200,1985.64
"592","041",440,"06041113000",38200,1985.64
"593","041",594,"06041114100",38200,1985.64
"594","041",520,"06041114200",38200,1985.64
"595","041",355,"06041115000",38200,1985.64
"596","041",411,"06041116000",38200,1985.64
"597","041",687,"06041117000",38200,1985.64
"598","041",79,"06041118100",38200,1985.64
"599","041",550,"06041119100",38200,1985.64
"600","041",1320,"06041119201",38200,1985.64
"601","041",125,"06041119202",38200,1985.64
"602","041",1175,"06041120000",38200,1985.64
"603","041",763,"06041121100",38200,1985.64
"604","041",1038,"06041121200",38200,1985.64
"605","041",176,"06041123000",38200,1985.64
"606","041",871,"06041124100",38200,1985.64
"607","041",844,"06041124200",38200,1985.64
"608","041",1127,"06041125000",38200,1985.64
"609","041",614,"06041126100",38200,1985.64
"610","041",817,"06041126200",38200,1985.64
"611","041",588,"06041127000",38200,1985.64
"612","041",713,"06041128100",38200,1985.64
"613","041",435,"06041128200",38200,1985.64
"614","041",890,"06041129000",38200,1985.64
"615","041",946,"06041130201",38200,1985.64
"616","041",1179,"06041130202",38200,1985.64
"617","041",137,"06041131100",38200,1985.64
"618","041",304,"06041132100",38200,1985.64
"619","041",489,"06041132200",38200,1985.64
"620","041",605,"06041133000",38200,1985.64
"621","055",664,"06055200201",18964,1985.64
"622","055",932,"06055200202",18964,1985.64
"623","055",512,"06055200203",18964,1985.64
"624","055",921,"06055200301",18964,1985.64
"625","055",245,"06055200302",18964,1985.64
"626","055",653,"06055200400",18964,1985.64
"627","055",839,"06055200501",18964,1985.64
"628","055",505,"06055200503",18964,1985.64
"629","055",1190,"06055200504",18964,1985.64
"630","055",814,"06055200505",18964,1985.64
"631","055",475,"06055200601",18964,1985.64
"632","055",696,"06055200602",18964,1985.64
"633","055",81,"06055200703",18964,1985.64
"634","055",736,"06055200704",18964,1985.64
"635","055",470,"06055200705",18964,1985.64
"636","055",184,"06055200706",18964,1985.64
"637","055",630,"06055200707",18964,1985.64
"638","055",1238,"06055200802",18964,1985.64
"639","055",232,"06055200803",18964,1985.64
"640","055",840,"06055200804",18964,1985.64
"641","055",45,"06055200900",18964,1985.64
"642","055",456,"06055201003",18964,1985.64
"643","055",343,"06055201004",18964,1985.64
"644","055",92,"06055201005",18964,1985.64
"645","055",221,"06055201006",18964,1985.64
"646","055",247,"06055201007",18964,1985.64
"647","055",79,"06055201101",18964,1985.64
"648","055",216,"06055201102",18964,1985.64
"649","055",334,"06055201200",18964,1985.64
"650","055",436,"06055201300",18964,1985.64
"651","055",197,"06055201401",18964,1985.64
"652","055",156,"06055201402",18964,1985.64
"653","055",74,"06055201403",18964,1985.64
"654","055",232,"06055201500",18964,1985.64
"655","055",556,"06055201601",18964,1985.64
"656","055",503,"06055201602",18964,1985.64
"657","055",752,"06055201700",18964,1985.64
"658","055",144,"06055201800",18964,1985.64
"659","055",199,"06055201900",18964,1985.64
"660","055",825,"06055202000",18964,1985.64
"661","075",1845,"06075010100",225466,1985.64
"662","075",1704,"06075010200",225466,1985.64
"663","075",1500,"06075010300",225466,1985.64
"664","075",1643,"06075010400",225466,1985.64
"665","075",1278,"06075010500",225466,1985.64
"666","075",1583,"06075010600",225466,1985.64
"667","075",2286,"06075010700",225466,1985.64
"668","075",2003,"06075010800",225466,1985.64
"669","075",2117,"06075010900",225466,1985.64
"670","075",2136,"06075011000",225466,1985.64
"671","075",2784,"06075011100",225466,1985.64
"672","075",1340,"06075011200",225466,1985.64
"673","075",1362,"06075011300",225466,1985.64
"674","075",1013,"06075011700",225466,1985.64
"675","075",703,"06075011800",225466,1985.64
"676","075",1034,"06075011901",225466,1985.64
"677","075",1725,"06075011902",225466,1985.64
"678","075",2528,"06075012000",225466,1985.64
"679","075",2001,"06075012100",225466,1985.64
"680","075",2800,"06075012201",225466,1985.64
"681","075",1492,"06075012202",225466,1985.64
"682","075",1332,"06075012301",225466,1985.64
"683","075",1896,"06075012302",225466,1985.64
"684","075",2664,"06075012401",225466,1985.64
"685","075",2174,"06075012402",225466,1985.64
"686","075",2117,"06075012501",225466,1985.64
"687","075",2180,"06075012502",225466,1985.64
"688","075",1261,"06075012601",225466,1985.64
"689","075",1359,"06075012602",225466,1985.64
"690","075",1603,"06075012700",225466,1985.64
"691","075",1610,"06075012800",225466,1985.64
"692","075",1148,"06075012901",225466,1985.64
"693","075",1611,"06075012902",225466,1985.64
"694","075",1925,"06075013000",225466,1985.64
"695","075",2096,"06075013101",225466,1985.64
"696","075",1268,"06075013102",225466,1985.64
"697","075",1440,"06075013200",225466,1985.64
"698","075",1008,"06075013300",225466,1985.64
"699","075",1364,"06075013400",225466,1985.64
"700","075",1248,"06075013500",225466,1985.64
"701","075",1066,"06075015100",225466,1985.64
"702","075",1906,"06075015200",225466,1985.64
"703","075",646,"06075015300",225466,1985.64
"704","075",2085,"06075015400",225466,1985.64
"705","075",1962,"06075015500",225466,1985.64
"706","075",1152,"06075015600",225466,1985.64
"707","075",1906,"06075015700",225466,1985.64
"708","075",1237,"06075015801",225466,1985.64
"709","075",1229,"06075015802",225466,1985.64
"710","075",1646,"06075015900",225466,1985.64
"711","075",1264,"06075016000",225466,1985.64
"712","075",2415,"06075016100",225466,1985.64
"713","075",1552,"06075016200",225466,1985.64
"714","075",1572,"06075016300",225466,1985.64
"715","075",1489,"06075016400",225466,1985.64
"716","075",1799,"06075016500",225466,1985.64
"717","075",2041,"06075016600",225466,1985.64
"718","075",1710,"06075016700",225466,1985.64
"719","075",1278,"06075016801",225466,1985.64
"720","075",1437,"06075016802",225466,1985.64
"721","075",1112,"06075016900",225466,1985.64
"722","075",966,"06075017000",225466,1985.64
"723","075",1087,"06075017101",225466,1985.64
"724","075",1037,"06075017102",225466,1985.64
"725","075",4096,"06075017601",225466,1985.64
"726","075",639,"06075017700",225466,1985.64
"727","075",1844,"06075017801",225466,1985.64
"728","075",1741,"06075017802",225466,1985.64
"729","075",602,"06075017902",225466,1985.64
"730","075",741,"06075018000",225466,1985.64
"731","075",2549,"06075020100",225466,1985.64
"732","075",2629,"06075020200",225466,1985.64
"733","075",1273,"06075020300",225466,1985.64
"734","075",695,"06075020401",225466,1985.64
"735","075",1893,"06075020402",225466,1985.64
"736","075",868,"06075020500",225466,1985.64
"737","075",1623,"06075020600",225466,1985.64
"738","075",1988,"06075020700",225466,1985.64
"739","075",2393,"06075020800",225466,1985.64
"740","075",1628,"06075020900",225466,1985.64
"741","075",1685,"06075021000",225466,1985.64
"742","075",1060,"06075021100",225466,1985.64
"743","075",567,"06075021200",225466,1985.64
"744","075",511,"06075021300",225466,1985.64
"745","075",789,"06075021400",225466,1985.64
"746","075",1458,"06075021500",225466,1985.64
"747","075",811,"06075021600",225466,1985.64
"748","075",605,"06075021700",225466,1985.64
"749","075",730,"06075021800",225466,1985.64
"750","075",474,"06075022600",225466,1985.64
"751","075",669,"06075022702",225466,1985.64
"752","075",700,"06075022704",225466,1985.64
"753","075",1158,"06075022801",225466,1985.64
"754","075",527,"06075022802",225466,1985.64
"755","075",981,"06075022803",225466,1985.64
"756","075",1238,"06075022901",225466,1985.64
"757","075",516,"06075022902",225466,1985.64
"758","075",670,"06075022903",225466,1985.64
"759","075",343,"06075023001",225466,1985.64
"760","075",227,"06075023003",225466,1985.64
"761","075",1024,"06075023102",225466,1985.64
"762","075",924,"06075023103",225466,1985.64
"763","075",547,"06075023200",225466,1985.64
"764","075",383,"06075023300",225466,1985.64
"765","075",439,"06075023400",225466,1985.64
"766","075",396,"06075025100",225466,1985.64
"767","075",893,"06075025200",225466,1985.64
"768","075",1012,"06075025300",225466,1985.64
"769","075",740,"06075025401",225466,1985.64
"770","075",279,"06075025402",225466,1985.64
"771","075",622,"06075025403",225466,1985.64
"772","075",795,"06075025500",225466,1985.64
"773","075",481,"06075025600",225466,1985.64
"774","075",404,"06075025701",225466,1985.64
"775","075",613,"06075025702",225466,1985.64
"776","075",242,"06075025800",225466,1985.64
"777","075",448,"06075025900",225466,1985.64
"778","075",761,"06075026001",225466,1985.64
"779","075",231,"06075026002",225466,1985.64
"780","075",529,"06075026003",225466,1985.64
"781","075",522,"06075026004",225466,1985.64
"782","075",845,"06075026100",225466,1985.64
"783","075",654,"06075026200",225466,1985.64
"784","075",584,"06075026301",225466,1985.64
"785","075",602,"06075026302",225466,1985.64
"786","075",462,"06075026303",225466,1985.64
"787","075",298,"06075026401",225466,1985.64
"788","075",423,"06075026402",225466,1985.64
"789","075",511,"06075026403",225466,1985.64
"790","075",365,"06075026404",225466,1985.64
"791","075",1474,"06075030101",225466,1985.64
"792","075",1148,"06075030102",225466,1985.64
"793","075",1450,"06075030201",225466,1985.64
"794","075",1563,"06075030202",225466,1985.64
"795","075",1065,"06075030301",225466,1985.64
"796","075",285,"06075030302",225466,1985.64
"797","075",412,"06075030400",225466,1985.64
"798","075",288,"06075030500",225466,1985.64
"799","075",125,"06075030600",225466,1985.64
"800","075",475,"06075030700",225466,1985.64
"801","075",530,"06075030800",225466,1985.64
"802","075",223,"06075030900",225466,1985.64
"803","075",277,"06075031000",225466,1985.64
"804","075",840,"06075031100",225466,1985.64
"805","075",847,"06075031201",225466,1985.64
"806","075",277,"06075031202",225466,1985.64
"807","075",288,"06075031301",225466,1985.64
"808","075",663,"06075031302",225466,1985.64
"809","075",689,"06075031400",225466,1985.64
"810","075",1066,"06075032601",225466,1985.64
"811","075",910,"06075032602",225466,1985.64
"812","075",792,"06075032700",225466,1985.64
"813","075",672,"06075032801",225466,1985.64
"814","075",558,"06075032802",225466,1985.64
"815","075",560,"06075032901",225466,1985.64
"816","075",424,"06075032902",225466,1985.64
"817","075",1115,"06075033000",225466,1985.64
"818","075",152,"06075033100",225466,1985.64
"819","075",640,"06075033201",225466,1985.64
"820","075",1586,"06075033203",225466,1985.64
"821","075",1591,"06075033204",225466,1985.64
"822","075",1116,"06075035100",225466,1985.64
"823","075",689,"06075035201",225466,1985.64
"824","075",1183,"06075035202",225466,1985.64
"825","075",793,"06075035300",225466,1985.64
"826","075",1122,"06075035400",225466,1985.64
"827","075",1410,"06075040100",225466,1985.64
"828","075",1672,"06075040200",225466,1985.64
"829","075",1368,"06075042601",225466,1985.64
"830","075",979,"06075042602",225466,1985.64
"831","075",1680,"06075042700",225466,1985.64
"832","075",219,"06075042800",225466,1985.64
"833","075",1359,"06075045100",225466,1985.64
"834","075",2026,"06075045200",225466,1985.64
"835","075",1394,"06075047600",225466,1985.64
"836","075",1198,"06075047701",225466,1985.64
"837","075",894,"06075047702",225466,1985.64
"838","075",839,"06075047801",225466,1985.64
"839","075",923,"06075047802",225466,1985.64
"840","075",1150,"06075047901",225466,1985.64
"841","075",797,"06075047902",225466,1985.64
"842","075",1271,"06075060100",225466,1985.64
"843","075",851,"06075060400",225466,1985.64
"844","075",735,"06075060502",225466,1985.64
"845","075",3452,"06075060700",225466,1985.64
"846","075",621,"06075061000",225466,1985.64
"847","075",2017,"06075061100",225466,1985.64
"848","075",711,"06075061200",225466,1985.64
"849","075",1294,"06075061400",225466,1985.64
"850","075",4469,"06075061500",225466,1985.64
"851","075",41,"06075980200",225466,1985.64
"852","075",76,"06075980300",225466,1985.64
"853","075",222,"06075980501",225466,1985.64
"854","075",53,"06075980600",225466,1985.64
"855","075",132,"06075980900",225466,1985.64
"856","081",631,"06081600100",106666,1985.64
"857","081",516,"06081600200",106666,1985.64
"858","081",234,"06081600300",106666,1985.64
"859","081",183,"06081600401",106666,1985.64
"860","081",326,"06081600402",106666,1985.64
"861","081",621,"06081600500",106666,1985.64
"862","081",674,"06081600600",106666,1985.64
"863","081",1088,"06081600700",106666,1985.64
"864","081",2583,"06081600800",106666,1985.64
"865","081",404,"06081600900",106666,1985.64
"866","081",266,"06081601000",106666,1985.64
"867","081",530,"06081601100",106666,1985.64
"868","081",989,"06081601200",106666,1985.64
"869","081",1903,"06081601300",106666,1985.64
"870","081",840,"06081601400",106666,1985.64
"871","081",433,"06081601501",106666,1985.64
"872","081",1531,"06081601502",106666,1985.64
"873","081",275,"06081601601",106666,1985.64
"874","081",655,"06081601603",106666,1985.64
"875","081",374,"06081601604",106666,1985.64
"876","081",532,"06081601605",106666,1985.64
"877","081",265,"06081601700",106666,1985.64
"878","081",304,"06081601800",106666,1985.64
"879","081",547,"06081601901",106666,1985.64
"880","081",1329,"06081601902",106666,1985.64
"881","081",599,"06081602000",106666,1985.64
"882","081",713,"06081602100",106666,1985.64
"883","081",2117,"06081602200",106666,1985.64
"884","081",357,"06081602300",106666,1985.64
"885","081",1070,"06081602400",106666,1985.64
"886","081",224,"06081602500",106666,1985.64
"887","081",746,"06081602600",106666,1985.64
"888","081",788,"06081602700",106666,1985.64
"889","081",382,"06081602800",106666,1985.64
"890","081",707,"06081602900",106666,1985.64
"891","081",932,"06081603000",106666,1985.64
"892","081",250,"06081603100",106666,1985.64
"893","081",304,"06081603200",106666,1985.64
"894","081",540,"06081603300",106666,1985.64
"895","081",533,"06081603400",106666,1985.64
"896","081",352,"06081603700",106666,1985.64
"897","081",407,"06081603801",106666,1985.64
"898","081",633,"06081603802",106666,1985.64
"899","081",978,"06081603900",106666,1985.64
"900","081",224,"06081604000",106666,1985.64
"901","081",1878,"06081604101",106666,1985.64
"902","081",1038,"06081604102",106666,1985.64
"903","081",482,"06081604200",106666,1985.64
"904","081",1085,"06081604400",106666,1985.64
"905","081",369,"06081604500",106666,1985.64
"906","081",119,"06081604600",106666,1985.64
"907","081",197,"06081604700",106666,1985.64
"908","081",1085,"06081604800",106666,1985.64
"909","081",225,"06081604900",106666,1985.64
"910","081",1157,"06081605000",106666,1985.64
"911","081",860,"06081605100",106666,1985.64
"912","081",249,"06081605200",106666,1985.64
"913","081",833,"06081605300",106666,1985.64
"914","081",1337,"06081605400",106666,1985.64
"915","081",2099,"06081605500",106666,1985.64
"916","081",145,"06081605600",106666,1985.64
"917","081",150,"06081605700",106666,1985.64
"918","081",183,"06081605800",106666,1985.64
"919","081",1710,"06081605900",106666,1985.64
"920","081",1260,"06081606000",106666,1985.64
"921","081",488,"06081606100",106666,1985.64
"922","081",1591,"06081606200",106666,1985.64
"923","081",1004,"06081606300",106666,1985.64
"924","081",1591,"06081606400",106666,1985.64
"925","081",76,"06081606500",106666,1985.64
"926","081",602,"06081606600",106666,1985.64
"927","081",142,"06081606700",106666,1985.64
"928","081",286,"06081606800",106666,1985.64
"929","081",167,"06081606900",106666,1985.64
"930","081",530,"06081607000",106666,1985.64
"931","081",77,"06081607100",106666,1985.64
"932","081",1262,"06081607200",106666,1985.64
"933","081",189,"06081607300",106666,1985.64
"934","081",1022,"06081607400",106666,1985.64
"935","081",988,"06081607500",106666,1985.64
"936","081",415,"06081607600",106666,1985.64
"937","081",471,"06081607701",106666,1985.64
"938","081",204,"06081607702",106666,1985.64
"939","081",153,"06081607800",106666,1985.64
"940","081",750,"06081607900",106666,1985.64
"941","081",837,"06081608001",106666,1985.64
"942","081",266,"06081608002",106666,1985.64
"943","081",1797,"06081608004",106666,1985.64
"944","081",744,"06081608013",106666,1985.64
"945","081",125,"06081608023",106666,1985.64
"946","081",585,"06081608100",106666,1985.64
"947","081",407,"06081608200",106666,1985.64
"948","081",699,"06081608300",106666,1985.64
"949","081",1481,"06081608400",106666,1985.64
"950","081",481,"06081608501",106666,1985.64
"951","081",558,"06081608502",106666,1985.64
"952","081",990,"06081608600",106666,1985.64
"953","081",796,"06081608700",106666,1985.64
"954","081",207,"06081608800",106666,1985.64
"955","081",1846,"06081608900",106666,1985.64
"956","081",251,"06081609000",106666,1985.64
"957","081",141,"06081609100",106666,1985.64
"958","081",673,"06081609201",106666,1985.64
"959","081",1411,"06081609202",106666,1985.64
"960","081",212,"06081609300",106666,1985.64
"961","081",107,"06081609400",106666,1985.64
"962","081",244,"06081609500",106666,1985.64
"963","081",373,"06081609601",106666,1985.64
"964","081",45,"06081609602",106666,1985.64
"965","081",183,"06081609603",106666,1985.64
"966","081",166,"06081609700",106666,1985.64
"967","081",406,"06081609800",106666,1985.64
"968","081",144,"06081609900",106666,1985.64
"969","081",1176,"06081610000",106666,1985.64
"970","081",463,"06081610100",106666,1985.64
"971","081",1316,"06081610201",106666,1985.64
"972","081",792,"06081610202",106666,1985.64
"973","081",945,"06081610203",106666,1985.64
"974","081",389,"06081610302",106666,1985.64
"975","081",1178,"06081610303",106666,1985.64
"976","081",350,"06081610304",106666,1985.64
"977","081",1095,"06081610400",106666,1985.64
"978","081",612,"06081610500",106666,1985.64
"979","081",1177,"06081610601",106666,1985.64
"980","081",261,"06081610602",106666,1985.64
"981","081",1252,"06081610700",106666,1985.64
"982","081",1524,"06081610800",106666,1985.64
"983","081",1839,"06081610900",106666,1985.64
"984","081",1115,"06081611000",106666,1985.64
"985","081",261,"06081611100",106666,1985.64
"986","081",180,"06081611200",106666,1985.64
"987","081",686,"06081611300",106666,1985.64
"988","081",119,"06081611400",106666,1985.64
"989","081",47,"06081611500",106666,1985.64
"990","081",141,"06081611600",106666,1985.64
"991","081",752,"06081611700",106666,1985.64
"992","081",318,"06081611800",106666,1985.64
"993","081",1482,"06081611900",106666,1985.64
"994","081",905,"06081612000",106666,1985.64
"995","081",2312,"06081612100",106666,1985.64
"996","081",1076,"06081612500",106666,1985.64
"997","081",1379,"06081612600",106666,1985.64
"998","081",65,"06081612700",106666,1985.64
"999","081",110,"06081612800",106666,1985.64
"1000","081",385,"06081612900",106666,1985.64
"1001","081",470,"06081613000",106666,1985.64
"1002","081",348,"06081613200",106666,1985.64
"1003","081",58,"06081613300",106666,1985.64
"1004","081",197,"06081613400",106666,1985.64
"1005","081",555,"06081613501",106666,1985.64
"1006","081",457,"06081613502",106666,1985.64
"1007","081",457,"06081613600",106666,1985.64
"1008","081",1130,"06081613700",106666,1985.64
"1009","081",497,"06081613800",106666,1985.64
"1010","081",737,"06081613900",106666,1985.64
"1011","081",525,"06081614000",106666,1985.64
"1012","085",1474,"06085500100",272324,1985.64
"1013","085",1560,"06085500200",272324,1985.64
"1014","085",741,"06085500300",272324,1985.64
"1015","085",663,"06085500400",272324,1985.64
"1016","085",602,"06085500500",272324,1985.64
"1017","085",1522,"06085500600",272324,1985.64
"1018","085",1145,"06085500800",272324,1985.64
"1019","085",1723,"06085500901",272324,1985.64
"1020","085",594,"06085500902",272324,1985.64
"1021","085",1671,"06085501000",272324,1985.64
"1022","085",1601,"06085501101",272324,1985.64
"1023","085",445,"06085501102",272324,1985.64
"1024","085",968,"06085501200",272324,1985.64
"1025","085",625,"06085501300",272324,1985.64
"1026","085",719,"06085501401",272324,1985.64
"1027","085",618,"06085501402",272324,1985.64
"1028","085",754,"06085501501",272324,1985.64
"1029","085",573,"06085501502",272324,1985.64
"1030","085",2037,"06085501600",272324,1985.64
"1031","085",1084,"06085501700",272324,1985.64
"1032","085",599,"06085501800",272324,1985.64
"1033","085",1875,"06085501900",272324,1985.64
"1034","085",1310,"06085502001",272324,1985.64
"1035","085",1281,"06085502002",272324,1985.64
"1036","085",676,"06085502101",272324,1985.64
"1037","085",2156,"06085502102",272324,1985.64
"1038","085",2467,"06085502201",272324,1985.64
"1039","085",676,"06085502202",272324,1985.64
"1040","085",630,"06085502301",272324,1985.64
"1041","085",854,"06085502302",272324,1985.64
"1042","085",580,"06085502400",272324,1985.64
"1043","085",397,"06085502500",272324,1985.64
"1044","085",340,"06085502601",272324,1985.64
"1045","085",336,"06085502603",272324,1985.64
"1046","085",1387,"06085502604",272324,1985.64
"1047","085",862,"06085502701",272324,1985.64
"1048","085",928,"06085502702",272324,1985.64
"1049","085",310,"06085502800",272324,1985.64
"1050","085",954,"06085502901",272324,1985.64
"1051","085",350,"06085502902",272324,1985.64
"1052","085",309,"06085502903",272324,1985.64
"1053","085",476,"06085502906",272324,1985.64
"1054","085",179,"06085502907",272324,1985.64
"1055","085",634,"06085502908",272324,1985.64
"1056","085",1024,"06085502909",272324,1985.64
"1057","085",744,"06085502910",272324,1985.64
"1058","085",273,"06085503001",272324,1985.64
"1059","085",344,"06085503002",272324,1985.64
"1060","085",254,"06085503003",272324,1985.64
"1061","085",512,"06085503105",272324,1985.64
"1062","085",1548,"06085503108",272324,1985.64
"1063","085",878,"06085503110",272324,1985.64
"1064","085",331,"06085503111",272324,1985.64
"1065","085",960,"06085503112",272324,1985.64
"1066","085",884,"06085503113",272324,1985.64
"1067","085",392,"06085503115",272324,1985.64
"1068","085",1014,"06085503116",272324,1985.64
"1069","085",521,"06085503117",272324,1985.64
"1070","085",1213,"06085503118",272324,1985.64
"1071","085",1029,"06085503121",272324,1985.64
"1072","085",758,"06085503122",272324,1985.64
"1073","085",1193,"06085503123",272324,1985.64
"1074","085",999,"06085503204",272324,1985.64
"1075","085",265,"06085503207",272324,1985.64
"1076","085",241,"06085503208",272324,1985.64
"1077","085",313,"06085503210",272324,1985.64
"1078","085",228,"06085503211",272324,1985.64
"1079","085",222,"06085503212",272324,1985.64
"1080","085",486,"06085503213",272324,1985.64
"1081","085",1146,"06085503214",272324,1985.64
"1082","085",486,"06085503217",272324,1985.64
"1083","085",815,"06085503218",272324,1985.64
"1084","085",910,"06085503304",272324,1985.64
"1085","085",576,"06085503305",272324,1985.64
"1086","085",256,"06085503306",272324,1985.64
"1087","085",215,"06085503312",272324,1985.64
"1088","085",103,"06085503313",272324,1985.64
"1089","085",774,"06085503315",272324,1985.64
"1090","085",201,"06085503321",272324,1985.64
"1091","085",190,"06085503322",272324,1985.64
"1092","085",237,"06085503323",272324,1985.64
"1093","085",148,"06085503324",272324,1985.64
"1094","085",254,"06085503325",272324,1985.64
"1095","085",354,"06085503326",272324,1985.64
"1096","085",517,"06085503327",272324,1985.64
"1097","085",104,"06085503329",272324,1985.64
"1098","085",275,"06085503330",272324,1985.64
"1099","085",240,"06085503331",272324,1985.64
"1100","085",184,"06085503332",272324,1985.64
"1101","085",280,"06085503333",272324,1985.64
"1102","085",140,"06085503334",272324,1985.64
"1103","085",259,"06085503336",272324,1985.64
"1104","085",212,"06085503337",272324,1985.64
"1105","085",335,"06085503401",272324,1985.64
"1106","085",843,"06085503402",272324,1985.64
"1107","085",475,"06085503504",272324,1985.64
"1108","085",560,"06085503506",272324,1985.64
"1109","085",112,"06085503507",272324,1985.64
"1110","085",466,"06085503508",272324,1985.64
"1111","085",198,"06085503509",272324,1985.64
"1112","085",669,"06085503510",272324,1985.64
"1113","085",249,"06085503511",272324,1985.64
"1114","085",541,"06085503601",272324,1985.64
"1115","085",697,"06085503602",272324,1985.64
"1116","085",444,"06085503703",272324,1985.64
"1117","085",710,"06085503707",272324,1985.64
"1118","085",296,"06085503708",272324,1985.64
"1119","085",1371,"06085503709",272324,1985.64
"1120","085",828,"06085503710",272324,1985.64
"1121","085",632,"06085503711",272324,1985.64
"1122","085",1035,"06085503712",272324,1985.64
"1123","085",965,"06085503713",272324,1985.64
"1124","085",777,"06085503802",272324,1985.64
"1125","085",338,"06085503803",272324,1985.64
"1126","085",601,"06085503804",272324,1985.64
"1127","085",794,"06085503902",272324,1985.64
"1128","085",465,"06085503903",272324,1985.64
"1129","085",724,"06085504001",272324,1985.64
"1130","085",833,"06085504002",272324,1985.64
"1131","085",378,"06085504101",272324,1985.64
"1132","085",460,"06085504102",272324,1985.64
"1133","085",404,"06085504201",272324,1985.64
"1134","085",289,"06085504202",272324,1985.64
"1135","085",525,"06085504307",272324,1985.64
"1136","085",272,"06085504308",272324,1985.64
"1137","085",783,"06085504311",272324,1985.64
"1138","085",362,"06085504314",272324,1985.64
"1139","085",478,"06085504315",272324,1985.64
"1140","085",370,"06085504316",272324,1985.64
"1141","085",235,"06085504317",272324,1985.64
"1142","085",232,"06085504318",272324,1985.64
"1143","085",628,"06085504319",272324,1985.64
"1144","085",89,"06085504320",272324,1985.64
"1145","085",480,"06085504321",272324,1985.64
"1146","085",1295,"06085504322",272324,1985.64
"1147","085",862,"06085504323",272324,1985.64
"1148","085",412,"06085504410",272324,1985.64
"1149","085",221,"06085504411",272324,1985.64
"1150","085",693,"06085504412",272324,1985.64
"1151","085",286,"06085504413",272324,1985.64
"1152","085",177,"06085504414",272324,1985.64
"1153","085",217,"06085504415",272324,1985.64
"1154","085",358,"06085504416",272324,1985.64
"1155","085",33,"06085504417",272324,1985.64
"1156","085",647,"06085504418",272324,1985.64
"1157","085",429,"06085504420",272324,1985.64
"1158","085",261,"06085504421",272324,1985.64
"1159","085",338,"06085504422",272324,1985.64
"1160","085",123,"06085504423",272324,1985.64
"1161","085",1576,"06085504504",272324,1985.64
"1162","085",664,"06085504505",272324,1985.64
"1163","085",1206,"06085504506",272324,1985.64
"1164","085",595,"06085504507",272324,1985.64
"1165","085",72,"06085504601",272324,1985.64
"1166","085",263,"06085504602",272324,1985.64
"1167","085",200,"06085504700",272324,1985.64
"1168","085",546,"06085504802",272324,1985.64
"1169","085",1401,"06085504803",272324,1985.64
"1170","085",687,"06085504805",272324,1985.64
"1171","085",174,"06085504806",272324,1985.64
"1172","085",2719,"06085504901",272324,1985.64
"1173","085",1999,"06085505001",272324,1985.64
"1174","085",2585,"06085505006",272324,1985.64
"1175","085",377,"06085505007",272324,1985.64
"1176","085",2462,"06085505008",272324,1985.64
"1177","085",1929,"06085505009",272324,1985.64
"1178","085",1091,"06085505100",272324,1985.64
"1179","085",1765,"06085505202",272324,1985.64
"1180","085",865,"06085505203",272324,1985.64
"1181","085",731,"06085505301",272324,1985.64
"1182","085",463,"06085505302",272324,1985.64
"1183","085",1365,"06085505303",272324,1985.64
"1184","085",155,"06085505304",272324,1985.64
"1185","085",869,"06085505305",272324,1985.64
"1186","085",1905,"06085505401",272324,1985.64
"1187","085",460,"06085505402",272324,1985.64
"1188","085",1723,"06085505403",272324,1985.64
"1189","085",751,"06085505500",272324,1985.64
"1190","085",997,"06085505600",272324,1985.64
"1191","085",1927,"06085505700",272324,1985.64
"1192","085",683,"06085505800",272324,1985.64
"1193","085",1840,"06085505900",272324,1985.64
"1194","085",895,"06085506000",272324,1985.64
"1195","085",604,"06085506101",272324,1985.64
"1196","085",498,"06085506102",272324,1985.64
"1197","085",620,"06085506103",272324,1985.64
"1198","085",994,"06085506202",272324,1985.64
"1199","085",1766,"06085506203",272324,1985.64
"1200","085",669,"06085506204",272324,1985.64
"1201","085",1603,"06085506301",272324,1985.64
"1202","085",1132,"06085506302",272324,1985.64
"1203","085",1692,"06085506304",272324,1985.64
"1204","085",2163,"06085506305",272324,1985.64
"1205","085",1343,"06085506401",272324,1985.64
"1206","085",1540,"06085506402",272324,1985.64
"1207","085",1679,"06085506501",272324,1985.64
"1208","085",1061,"06085506502",272324,1985.64
"1209","085",1648,"06085506503",272324,1985.64
"1210","085",851,"06085506601",272324,1985.64
"1211","085",312,"06085506603",272324,1985.64
"1212","085",580,"06085506604",272324,1985.64
"1213","085",903,"06085506605",272324,1985.64
"1214","085",844,"06085506606",272324,1985.64
"1215","085",334,"06085506701",272324,1985.64
"1216","085",913,"06085506702",272324,1985.64
"1217","085",592,"06085506703",272324,1985.64
"1218","085",687,"06085506801",272324,1985.64
"1219","085",460,"06085506802",272324,1985.64
"1220","085",718,"06085506803",272324,1985.64
"1221","085",183,"06085506804",272324,1985.64
"1222","085",433,"06085506900",272324,1985.64
"1223","085",925,"06085507001",272324,1985.64
"1224","085",180,"06085507002",272324,1985.64
"1225","085",855,"06085507100",272324,1985.64
"1226","085",584,"06085507203",272324,1985.64
"1227","085",200,"06085507205",272324,1985.64
"1228","085",92,"06085507206",272324,1985.64
"1229","085",508,"06085507301",272324,1985.64
"1230","085",247,"06085507302",272324,1985.64
"1231","085",194,"06085507401",272324,1985.64
"1232","085",286,"06085507402",272324,1985.64
"1233","085",189,"06085507500",272324,1985.64
"1234","085",240,"06085507600",272324,1985.64
"1235","085",292,"06085507701",272324,1985.64
"1236","085",258,"06085507702",272324,1985.64
"1237","085",990,"06085507703",272324,1985.64
"1238","085",1323,"06085507805",272324,1985.64
"1239","085",1191,"06085507806",272324,1985.64
"1240","085",334,"06085507807",272324,1985.64
"1241","085",421,"06085507808",272324,1985.64
"1242","085",283,"06085507903",272324,1985.64
"1243","085",119,"06085507904",272324,1985.64
"1244","085",1139,"06085507905",272324,1985.64
"1245","085",203,"06085507906",272324,1985.64
"1246","085",1124,"06085508001",272324,1985.64
"1247","085",375,"06085508003",272324,1985.64
"1248","085",1072,"06085508004",272324,1985.64
"1249","085",846,"06085508101",272324,1985.64
"1250","085",647,"06085508102",272324,1985.64
"1251","085",1152,"06085508202",272324,1985.64
"1252","085",545,"06085508203",272324,1985.64
"1253","085",397,"06085508204",272324,1985.64
"1254","085",322,"06085508301",272324,1985.64
"1255","085",103,"06085508303",272324,1985.64
"1256","085",2204,"06085508304",272324,1985.64
"1257","085",803,"06085508401",272324,1985.64
"1258","085",158,"06085508403",272324,1985.64
"1259","085",984,"06085508404",272324,1985.64
"1260","085",1853,"06085508503",272324,1985.64
"1261","085",2931,"06085508504",272324,1985.64
"1262","085",901,"06085508505",272324,1985.64
"1263","085",992,"06085508507",272324,1985.64
"1264","085",1176,"06085508508",272324,1985.64
"1265","085",521,"06085508601",272324,1985.64
"1266","085",1532,"06085508602",272324,1985.64
"1267","085",2018,"06085508703",272324,1985.64
"1268","085",1748,"06085508704",272324,1985.64
"1269","085",1082,"06085508800",272324,1985.64
"1270","085",1002,"06085508900",272324,1985.64
"1271","085",1452,"06085509000",272324,1985.64
"1272","085",1514,"06085509102",272324,1985.64
"1273","085",2017,"06085509105",272324,1985.64
"1274","085",1149,"06085509106",272324,1985.64
"1275","085",1927,"06085509107",272324,1985.64
"1276","085",1404,"06085509108",272324,1985.64
"1277","085",875,"06085509109",272324,1985.64
"1278","085",1282,"06085509201",272324,1985.64
"1279","085",1030,"06085509202",272324,1985.64
"1280","085",398,"06085509302",272324,1985.64
"1281","085",1257,"06085509303",272324,1985.64
"1282","085",779,"06085509304",272324,1985.64
"1283","085",1417,"06085509401",272324,1985.64
"1284","085",1938,"06085509403",272324,1985.64
"1285","085",1705,"06085509404",272324,1985.64
"1286","085",1837,"06085509500",272324,1985.64
"1287","085",1008,"06085509600",272324,1985.64
"1288","085",868,"06085509700",272324,1985.64
"1289","085",767,"06085509801",272324,1985.64
"1290","085",382,"06085509802",272324,1985.64
"1291","085",128,"06085509901",272324,1985.64
"1292","085",605,"06085509902",272324,1985.64
"1293","085",166,"06085510001",272324,1985.64
"1294","085",235,"06085510002",272324,1985.64
"1295","085",91,"06085510100",272324,1985.64
"1296","085",143,"06085510200",272324,1985.64
"1297","085",401,"06085510300",272324,1985.64
"1298","085",165,"06085510400",272324,1985.64
"1299","085",363,"06085510500",272324,1985.64
"1300","085",847,"06085510600",272324,1985.64
"1301","085",1107,"06085510700",272324,1985.64
"1302","085",599,"06085510801",272324,1985.64
"1303","085",125,"06085510802",272324,1985.64
"1304","085",404,"06085510803",272324,1985.64
"1305","085",742,"06085510900",272324,1985.64
"1306","085",934,"06085511000",272324,1985.64
"1307","085",314,"06085511100",272324,1985.64
"1308","085",420,"06085511200",272324,1985.64
"1309","085",1107,"06085511301",272324,1985.64
"1310","085",1625,"06085511302",272324,1985.64
"1311","085",456,"06085511400",272324,1985.64
"1312","085",1375,"06085511500",272324,1985.64
"1313","085",89,"06085511608",272324,1985.64
"1314","085",1503,"06085511609",272324,1985.64
"1315","085",222,"06085511701",272324,1985.64
"1316","085",47,"06085511702",272324,1985.64
"1317","085",102,"06085511704",272324,1985.64
"1318","085",51,"06085511705",272324,1985.64
"1319","085",136,"06085511707",272324,1985.64
"1320","085",382,"06085511800",272324,1985.64
"1321","085",221,"06085511905",272324,1985.64
"1322","085",252,"06085511907",272324,1985.64
"1323","085",141,"06085511909",272324,1985.64
"1324","085",67,"06085511910",272324,1985.64
"1325","085",518,"06085511911",272324,1985.64
"1326","085",233,"06085511912",272324,1985.64
"1327","085",71,"06085511913",272324,1985.64
"1328","085",182,"06085511914",272324,1985.64
"1329","085",859,"06085511915",272324,1985.64
"1330","085",507,"06085511916",272324,1985.64
"1331","085",327,"06085512001",272324,1985.64
"1332","085",544,"06085512005",272324,1985.64
"1333","085",843,"06085512017",272324,1985.64
"1334","085",572,"06085512019",272324,1985.64
"1335","085",1998,"06085512020",272324,1985.64
"1336","085",365,"06085512021",272324,1985.64
"1337","085",820,"06085512022",272324,1985.64
"1338","085",986,"06085512023",272324,1985.64
"1339","085",704,"06085512024",272324,1985.64
"1340","085",229,"06085512025",272324,1985.64
"1341","085",440,"06085512026",272324,1985.64
"1342","085",958,"06085512027",272324,1985.64
"1343","085",624,"06085512029",272324,1985.64
"1344","085",157,"06085512030",272324,1985.64
"1345","085",277,"06085512031",272324,1985.64
"1346","085",164,"06085512032",272324,1985.64
"1347","085",640,"06085512033",272324,1985.64
"1348","085",232,"06085512034",272324,1985.64
"1349","085",329,"06085512035",272324,1985.64
"1350","085",1312,"06085512036",272324,1985.64
"1351","085",168,"06085512037",272324,1985.64
"1352","085",358,"06085512038",272324,1985.64
"1353","085",293,"06085512039",272324,1985.64
"1354","085",371,"06085512042",272324,1985.64
"1355","085",981,"06085512043",272324,1985.64
"1356","085",268,"06085512045",272324,1985.64
"1357","085",375,"06085512047",272324,1985.64
"1358","085",998,"06085512052",272324,1985.64
"1359","085",493,"06085512053",272324,1985.64
"1360","085",170,"06085512100",272324,1985.64
"1361","085",241,"06085512200",272324,1985.64
"1362","085",279,"06085512305",272324,1985.64
"1363","085",453,"06085512307",272324,1985.64
"1364","085",393,"06085512308",272324,1985.64
"1365","085",309,"06085512309",272324,1985.64
"1366","085",880,"06085512310",272324,1985.64
"1367","085",249,"06085512311",272324,1985.64
"1368","085",204,"06085512312",272324,1985.64
"1369","085",739,"06085512313",272324,1985.64
"1370","085",917,"06085512314",272324,1985.64
"1371","085",393,"06085512401",272324,1985.64
"1372","085",375,"06085512402",272324,1985.64
"1373","085",375,"06085512503",272324,1985.64
"1374","085",1023,"06085512505",272324,1985.64
"1375","085",1048,"06085512506",272324,1985.64
"1376","085",1223,"06085512508",272324,1985.64
"1377","085",239,"06085512509",272324,1985.64
"1378","085",971,"06085512510",272324,1985.64
"1379","085",320,"06085512602",272324,1985.64
"1380","085",868,"06085512603",272324,1985.64
"1381","085",793,"06085512604",272324,1985.64
"1382","085",2213,"06085513000",272324,1985.64
"1383","085",97,"06085513500",272324,1985.64
"1384","095",622,"06095250103",59232,1985.64
"1385","095",229,"06095250104",59232,1985.64
"1386","095",819,"06095250105",59232,1985.64
"1387","095",143,"06095250106",59232,1985.64
"1388","095",763,"06095250200",59232,1985.64
"1389","095",447,"06095250300",59232,1985.64
"1390","095",401,"06095250400",59232,1985.64
"1391","095",254,"06095250501",59232,1985.64
"1392","095",301,"06095250502",59232,1985.64
"1393","095",543,"06095250601",59232,1985.64
"1394","095",424,"06095250604",59232,1985.64
"1395","095",485,"06095250605",59232,1985.64
"1396","095",493,"06095250701",59232,1985.64
"1397","095",689,"06095250801",59232,1985.64
"1398","095",1106,"06095250900",59232,1985.64
"1399","095",783,"06095251000",59232,1985.64
"1400","095",699,"06095251100",59232,1985.64
"1401","095",748,"06095251200",59232,1985.64
"1402","095",303,"06095251300",59232,1985.64
"1403","095",791,"06095251400",59232,1985.64
"1404","095",1068,"06095251500",59232,1985.64
"1405","095",886,"06095251600",59232,1985.64
"1406","095",855,"06095251701",59232,1985.64
"1407","095",421,"06095251702",59232,1985.64
"1408","095",902,"06095251802",59232,1985.64
"1409","095",439,"06095251803",59232,1985.64
"1410","095",277,"06095251804",59232,1985.64
"1411","095",1099,"06095251901",59232,1985.64
"1412","095",766,"06095251902",59232,1985.64
"1413","095",523,"06095251903",59232,1985.64
"1414","095",1037,"06095252000",59232,1985.64
"1415","095",587,"06095252102",59232,1985.64
"1416","095",987,"06095252103",59232,1985.64
"1417","095",261,"06095252104",59232,1985.64
"1418","095",252,"06095252105",59232,1985.64
"1419","095",636,"06095252106",59232,1985.64
"1420","095",299,"06095252107",59232,1985.64
"1421","095",484,"06095252108",59232,1985.64
"1422","095",553,"06095252201",59232,1985.64
"1423","095",552,"06095252202",59232,1985.64
"1424","095",461,"06095252305",59232,1985.64
"1425","095",298,"06095252306",59232,1985.64
"1426","095",324,"06095252310",59232,1985.64
"1427","095",380,"06095252311",59232,1985.64
"1428","095",663,"06095252312",59232,1985.64
"1429","095",923,"06095252313",59232,1985.64
"1430","095",597,"06095252314",59232,1985.64
"1431","095",281,"06095252315",59232,1985.64
"1432","095",467,"06095252316",59232,1985.64
"1433","095",607,"06095252317",59232,1985.64
"1434","095",658,"06095252401",59232,1985.64
"1435","095",1042,"06095252402",59232,1985.64
"1436","095",656,"06095252501",59232,1985.64
"1437","095",540,"06095252502",59232,1985.64
"1438","095",681,"06095252604",59232,1985.64
"1439","095",1298,"06095252605",59232,1985.64
"1440","095",1075,"06095252606",59232,1985.64
"1441","095",745,"06095252607",59232,1985.64
"1442","095",776,"06095252608",59232,1985.64
"1443","095",381,"06095252610",59232,1985.64
"1444","095",593,"06095252611",59232,1985.64
"1445","095",962,"06095252702",59232,1985.64
"1446","095",532,"06095252703",59232,1985.64
"1447","095",815,"06095252704",59232,1985.64
"1448","095",569,"06095252705",59232,1985.64
"1449","095",246,"06095252706",59232,1985.64
"1450","095",686,"06095252707",59232,1985.64
"1451","095",827,"06095252801",59232,1985.64
"1452","095",280,"06095252802",59232,1985.64
"1453","095",291,"06095252903",59232,1985.64
"1454","095",741,"06095252904",59232,1985.64
"1455","095",706,"06095252908",59232,1985.64
"1456","095",216,"06095252909",59232,1985.64
"1457","095",654,"06095252910",59232,1985.64
"1458","095",1122,"06095252911",59232,1985.64
"1459","095",502,"06095252912",59232,1985.64
"1460","095",515,"06095252913",59232,1985.64
"1461","095",580,"06095252914",59232,1985.64
"1462","095",185,"06095252915",59232,1985.64
"1463","095",941,"06095253101",59232,1985.64
"1464","095",1669,"06095253105",59232,1985.64
"1465","095",601,"06095253106",59232,1985.64
"1466","095",1234,"06095253107",59232,1985.64
"1467","095",657,"06095253108",59232,1985.64
"1468","095",221,"06095253201",59232,1985.64
"1469","095",733,"06095253203",59232,1985.64
"1470","095",1185,"06095253204",59232,1985.64
"1471","095",434,"06095253205",59232,1985.64
"1472","095",238,"06095253206",59232,1985.64
"1473","095",423,"06095253300",59232,1985.64
"1474","095",841,"06095253402",59232,1985.64
"1475","095",234,"06095253403",59232,1985.64
"1476","095",803,"06095253404",59232,1985.64
"1477","095",1216,"06095253500",59232,1985.64
"1478","097",274,"06097150100",76269,1985.64
"1479","097",790,"06097150202",76269,1985.64
"1480","097",989,"06097150203",76269,1985.64
"1481","097",823,"06097150204",76269,1985.64
"1482","097",371,"06097150303",76269,1985.64
"1483","097",870,"06097150304",76269,1985.64
"1484","097",910,"06097150305",76269,1985.64
"1485","097",550,"06097150306",76269,1985.64
"1486","097",746,"06097150500",76269,1985.64
"1487","097",447,"06097150601",76269,1985.64
"1488","097",161,"06097150602",76269,1985.64
"1489","097",1026,"06097150603",76269,1985.64
"1490","097",382,"06097150607",76269,1985.64
"1491","097",509,"06097150609",76269,1985.64
"1492","097",286,"06097150610",76269,1985.64
"1493","097",748,"06097150611",76269,1985.64
"1494","097",462,"06097150612",76269,1985.64
"1495","097",1142,"06097150701",76269,1985.64
"1496","097",417,"06097150702",76269,1985.64
"1497","097",972,"06097150800",76269,1985.64
"1498","097",925,"06097150901",76269,1985.64
"1499","097",456,"06097150902",76269,1985.64
"1500","097",619,"06097151000",76269,1985.64
"1501","097",745,"06097151100",76269,1985.64
"1502","097",1013,"06097151201",76269,1985.64
"1503","097",768,"06097151203",76269,1985.64
"1504","097",563,"06097151204",76269,1985.64
"1505","097",775,"06097151301",76269,1985.64
"1506","097",1776,"06097151305",76269,1985.64
"1507","097",678,"06097151306",76269,1985.64
"1508","097",538,"06097151307",76269,1985.64
"1509","097",922,"06097151308",76269,1985.64
"1510","097",680,"06097151309",76269,1985.64
"1511","097",744,"06097151310",76269,1985.64
"1512","097",1034,"06097151311",76269,1985.64
"1513","097",1197,"06097151401",76269,1985.64
"1514","097",1841,"06097151402",76269,1985.64
"1515","097",1607,"06097151502",76269,1985.64
"1516","097",87,"06097151503",76269,1985.64
"1517","097",304,"06097151504",76269,1985.64
"1518","097",427,"06097151601",76269,1985.64
"1519","097",245,"06097151602",76269,1985.64
"1520","097",1559,"06097151700",76269,1985.64
"1521","097",829,"06097151800",76269,1985.64
"1522","097",1027,"06097151900",76269,1985.64
"1523","097",829,"06097152000",76269,1985.64
"1524","097",514,"06097152100",76269,1985.64
"1525","097",1045,"06097152201",76269,1985.64
"1526","097",1319,"06097152202",76269,1985.64
"1527","097",1201,"06097152203",76269,1985.64
"1528","097",492,"06097152300",76269,1985.64
"1529","097",1039,"06097152400",76269,1985.64
"1530","097",883,"06097152501",76269,1985.64
"1531","097",586,"06097152502",76269,1985.64
"1532","097",566,"06097152600",76269,1985.64
"1533","097",713,"06097152701",76269,1985.64
"1534","097",1095,"06097152702",76269,1985.64
"1535","097",583,"06097152801",76269,1985.64
"1536","097",2088,"06097152802",76269,1985.64
"1537","097",919,"06097152903",76269,1985.64
"1538","097",760,"06097152904",76269,1985.64
"1539","097",581,"06097152905",76269,1985.64
"1540","097",734,"06097152906",76269,1985.64
"1541","097",1630,"06097153001",76269,1985.64
"1542","097",1088,"06097153002",76269,1985.64
"1543","097",978,"06097153003",76269,1985.64
"1544","097",856,"06097153005",76269,1985.64
"1545","097",1050,"06097153006",76269,1985.64
"1546","097",689,"06097153102",76269,1985.64
"1547","097",733,"06097153103",76269,1985.64
"1548","097",920,"06097153104",76269,1985.64
"1549","097",1364,"06097153200",76269,1985.64
"1550","097",1709,"06097153300",76269,1985.64
"1551","097",1435,"06097153401",76269,1985.64
"1552","097",585,"06097153403",76269,1985.64
"1553","097",662,"06097153404",76269,1985.64
"1554","097",582,"06097153501",76269,1985.64
"1555","097",423,"06097153502",76269,1985.64
"1556","097",840,"06097153600",76269,1985.64
"1557","097",631,"06097153703",76269,1985.64
"1558","097",810,"06097153704",76269,1985.64
"1559","097",607,"06097153705",76269,1985.64
"1560","097",459,"06097153706",76269,1985.64
"1561","097",1146,"06097153801",76269,1985.64
"1562","097",258,"06097153804",76269,1985.64
"1563","097",282,"06097153806",76269,1985.64
"1564","097",139,"06097153807",76269,1985.64
"1565","097",463,"06097153808",76269,1985.64
"1566","097",408,"06097153809",76269,1985.64
"1567","097",622,"06097153901",76269,1985.64
"1568","097",1009,"06097153902",76269,1985.64
"1569","097",615,"06097153903",76269,1985.64
"1570","097",332,"06097154000",76269,1985.64
"1571","097",584,"06097154100",76269,1985.64
"1572","097",685,"06097154201",76269,1985.64
"1573","097",518,"06097154202",76269,1985.64
"1574","097",402,"06097154302",76269,1985.64
"1575","097",177,"06097154303",76269,1985.64
"1576","097",397,"06097154304",76269,1985.64
